,work_year,experience_level,experience_level_code,employment_type,employment_type_code,job_title,job category code,salary,salary_currency,salary_in_usd,salary_in_usd_code,employee_residence,remote_ratio,company_location,company_size,company_size_code
1232,2023,EN,1,FT,2,Data Analyst,1,48000,USD,48000,1,US,0,US,M,2
1518,2023,EN,1,FT,2,Data Analyst,1,48000,USD,48000,1,US,0,US,M,2
723,2023,SE,3,FT,2,Data Analyst,1,51962,USD,51962,2,US,100,US,M,2
1110,2023,MI,2,FT,2,Data Scientist,5,51962,USD,51962,2,US,100,US,M,2
1279,2023,MI,2,FT,2,Data Analyst,1,52500,USD,52500,2,US,100,US,M,2
426,2023,SE,3,FT,2,Data Analyst,1,52500,USD,52500,2,US,0,US,M,2
612,2023,MI,2,FT,2,Data Analyst,1,52500,USD,52500,2,US,0,US,M,2
752,2023,SE,3,FT,2,Data Analyst,1,55000,USD,55000,2,US,0,US,M,2
1148,2023,EN,1,FT,2,Data Analyst,1,55000,USD,55000,2,US,0,US,M,2
1198,2023,EN,1,FT,2,Data Analyst,1,55000,USD,55000,2,US,0,US,M,2
1223,2023,EN,1,FT,2,Data Analyst,1,56100,USD,56100,2,US,100,US,M,2
1289,2023,EN,1,FT,2,Data Engineer,2,58000,USD,58000,2,US,100,US,M,2
392,2023,EN,1,FT,2,Data Analyst,1,60000,USD,60000,2,US,100,US,M,2
596,2023,MI,2,FT,2,Data Analyst,1,60000,USD,60000,2,US,0,US,M,2
1442,2023,EN,1,FT,2,Data Analyst,1,60000,USD,60000,2,US,100,US,M,2
458,2023,EN,1,FT,2,Data Analyst,1,60000,USD,60000,2,US,100,US,L,3
602,2023,SE,3,FT,2,Data Analyst,1,60000,USD,60000,2,US,0,US,M,2
611,2023,MI,2,FT,2,Data Engineer,2,60400,USD,60400,2,US,100,US,M,2
1246,2023,MI,2,FT,2,Data Analyst,1,61200,USD,61200,2,US,0,US,M,2
1572,2023,EN,1,FT,2,Data Engineer,2,61800,USD,61800,2,US,100,US,M,2
1773,2023,EN,1,FT,2,Data Engineer,2,61800,USD,61800,2,US,100,US,M,2
425,2023,EN,1,FT,2,Data Engineer,2,62000,USD,62000,2,US,100,US,M,2
38,2023,SE,3,FT,2,Data Engineer,2,63000,USD,63000,2,US,100,US,M,2
1041,2023,SE,3,FT,2,Data Engineer,2,63000,USD,63000,2,US,100,US,M,2
102,2023,SE,3,FT,2,Data Analyst,1,64000,USD,64000,2,US,100,US,M,2
727,2023,EN,1,FT,2,Data Analyst,1,64200,USD,64200,2,US,100,US,M,2
138,2023,MI,2,FT,2,Data Analyst,1,64500,USD,64500,2,US,0,US,M,2
251,2023,SE,3,FT,2,Data Analyst,1,65000,USD,65000,2,US,0,US,M,2
341,2023,MI,2,FT,2,Data Analyst,1,65000,USD,65000,2,US,100,US,M,2
396,2023,EN,1,FT,2,Data Engineer,2,65000,USD,65000,2,US,0,US,M,2
1037,2023,EN,1,FT,2,Data Engineer,2,65000,USD,65000,2,US,0,US,M,2
1084,2023,EN,1,FT,2,Data Engineer,2,65000,USD,65000,2,US,0,US,M,2
1039,2023,EN,1,FT,2,Data Engineer,2,65000,USD,65000,2,US,0,US,M,2
1254,2023,SE,3,FT,2,Data Engineer,2,65000,USD,65000,2,US,0,US,M,2
1134,2023,SE,3,FT,2,Data Engineer,2,65000,USD,65000,2,US,100,US,M,2
391,2023,SE,3,FT,2,Data Engineer,2,65488,USD,65488,2,US,0,US,M,2
142,2023,SE,3,FT,2,Data Engineer,2,65488,USD,65488,2,US,0,US,M,2
257,2023,SE,3,FT,2,Data Engineer,2,66000,USD,66000,2,US,100,US,M,2
422,2023,EN,1,FT,2,Data Analyst,1,70000,USD,70000,2,US,0,US,M,2
662,2023,SE,3,FT,2,Data Analyst,1,70000,USD,70000,2,US,0,US,M,2
722,2023,SE,3,FT,2,Data Analyst,1,70000,USD,70000,2,US,0,US,M,2
136,2023,EN,1,FT,2,Data Analyst,1,70000,USD,70000,2,US,100,US,M,2
154,2023,SE,3,FT,2,Data Analyst,1,70000,USD,70000,2,US,0,US,M,2
1662,2023,MI,2,FT,2,Data Engineer,2,70000,USD,70000,2,US,100,US,M,2
94,2023,MI,2,FT,2,Data Engineer,2,70000,USD,70000,2,US,100,US,M,2
744,2023,MI,2,FT,2,Data Engineer,2,70000,USD,70000,2,US,0,US,M,2
811,2023,SE,3,FT,2,Data Scientist,5,70000,USD,70000,2,US,0,US,M,2
813,2023,SE,3,FT,2,Data Scientist,5,70000,USD,70000,2,US,0,US,M,2
1411,2023,SE,3,FT,2,Data Scientist,5,70000,USD,70000,2,US,0,US,M,2
1349,2023,EN,1,FT,2,Data Scientist,5,71907,USD,71907,2,US,100,US,M,2
335,2023,MI,2,FT,2,Data Analyst,1,72000,USD,72000,2,US,0,US,M,2
1656,2023,EN,1,FT,2,Data Engineer,2,73900,USD,73900,2,US,0,US,M,2
1695,2023,SE,3,FT,2,Data Analyst,1,74178,USD,74178,2,US,0,US,M,2
1040,2023,EN,1,FT,2,Data Scientist,5,74540,USD,74540,2,US,0,US,M,2
694,2023,EN,1,FT,2,Data Analyst,1,75000,USD,75000,2,US,0,US,M,2
1497,2023,EN,1,FT,2,Data Analyst,1,75000,USD,75000,2,US,100,US,M,2
1481,2023,SE,3,FT,2,Data Analyst,1,75000,USD,75000,2,US,100,US,M,2
141,2023,SE,3,FT,2,Data Analyst,1,75000,USD,75000,2,US,100,US,M,2
187,2023,MI,2,FT,2,Data Analyst,1,75000,USD,75000,2,US,0,US,M,2
216,2023,EN,1,FT,2,Data Analyst,1,75000,USD,75000,2,US,100,US,M,2
309,2023,SE,3,FT,2,Data Analyst,1,75000,USD,75000,2,US,100,US,M,2
366,2023,MI,2,FT,2,Data Analyst,1,75000,USD,75000,2,US,100,US,M,2
598,2023,EN,1,FT,2,Data Analyst,1,75000,USD,75000,2,US,100,US,M,2
680,2023,SE,3,FT,2,Data Analyst,1,75000,USD,75000,2,US,100,US,M,2
726,2023,EN,1,FT,2,Data Analyst,1,75000,USD,75000,2,US,100,US,M,2
751,2023,SE,3,FT,2,Data Analyst,1,75000,USD,75000,2,US,100,US,M,2
895,2023,EN,1,FT,2,Data Analyst,1,75000,USD,75000,2,US,100,US,M,2
937,2023,EN,1,FT,2,Data Analyst,1,75000,USD,75000,2,US,100,US,M,2
1182,2023,SE,3,FT,2,Data Engineer,2,75000,USD,75000,2,US,100,US,M,2
1197,2023,SE,3,FT,2,Data Engineer,2,75000,USD,75000,2,US,0,US,M,2
1236,2023,MI,2,FT,2,Data Engineer,2,75000,USD,75000,2,US,0,US,M,2
148,2023,MI,2,FT,2,Data Engineer,2,75000,USD,75000,2,US,100,US,M,2
424,2023,SE,3,FT,2,Data Engineer,2,75000,USD,75000,2,US,0,US,M,2
470,2023,MI,2,FT,2,Data Engineer,2,75000,USD,75000,2,US,0,US,M,2
595,2023,SE,3,FT,2,Data Engineer,2,75000,USD,75000,2,US,100,US,M,2
750,2023,SE,3,FT,2,Data Engineer,2,75000,USD,75000,2,US,100,US,M,2
869,2023,SE,3,FT,2,Data Engineer,2,75000,USD,75000,2,US,0,US,M,2
1274,2023,SE,3,FT,2,Data Engineer,2,75000,USD,75000,2,US,100,US,M,2
1501,2023,SE,3,FT,2,Data Engineer,2,78000,USD,78000,2,US,100,US,M,2
1530,2023,SE,3,FT,2,Data Scientist,5,78000,USD,78000,2,US,0,US,M,2
1807,2023,MI,2,FT,2,Data Analyst,1,79000,USD,79000,2,US,0,US,M,2
911,2023,SE,3,FT,2,Data Analyst,1,80000,USD,80000,2,US,0,US,M,2
1142,2023,SE,3,FT,2,Data Analyst,1,80000,USD,80000,2,US,0,US,M,2
1483,2023,SE,3,FT,2,Data Analyst,1,80000,USD,80000,2,US,100,US,M,2
231,2023,SE,3,FT,2,Data Analyst,1,80000,USD,80000,2,US,100,US,M,2
256,2023,SE,3,FT,2,Data Analyst,1,80000,USD,80000,2,US,100,US,S,1
353,2023,MI,2,FT,2,Data Analyst,1,80000,USD,80000,2,US,0,US,M,2
421,2023,SE,3,FT,2,Data Analyst,1,80000,USD,80000,2,US,0,US,M,2
475,2023,MI,2,FT,2,Data Analyst,1,80000,USD,80000,2,US,0,US,M,2
572,2023,MI,2,FT,2,Data Analyst,1,80000,USD,80000,2,US,0,US,M,2
1109,2023,MI,2,FT,2,Data Analyst,1,80000,USD,80000,2,US,0,US,M,2
1147,2023,SE,3,FT,2,Data Analyst,1,80000,USD,80000,2,US,100,US,M,2
1231,2023,SE,3,FT,2,Data Engineer,2,80000,USD,80000,2,US,0,US,M,2
1517,2023,SE,3,FT,2,Data Engineer,2,81500,USD,81500,2,US,0,US,M,2
1524,2023,SE,3,FT,2,Data Engineer,2,81500,USD,81500,2,US,0,US,M,2
1668,2023,SE,3,FT,2,Data Engineer,2,81500,USD,81500,2,US,0,US,M,2
1735,2023,SE,3,FT,2,Data Engineer,2,81500,USD,81500,2,US,100,US,M,2
1036,2023,SE,3,FT,2,Data Engineer,2,81500,USD,81500,2,US,0,US,M,2
372,2023,SE,3,FT,2,Data Engineer,2,81500,USD,81500,2,US,0,US,M,2
71,2023,SE,3,FT,2,Data Analyst,1,81666,USD,81666,2,US,100,US,M,2
223,2023,SE,3,FT,2,Data Analyst,1,81666,USD,81666,2,US,100,US,M,2
491,2023,SE,3,FT,2,Data Scientist,5,82365,USD,82365,2,US,0,US,M,2
1115,2023,SE,3,FT,2,Data Scientist,5,82365,USD,82365,2,US,0,US,M,2
1324,2023,SE,3,FT,2,Data Scientist,5,82365,USD,82365,2,US,0,US,M,2
1395,2023,MI,2,FT,2,Data Scientist,5,82920,USD,82920,2,US,100,US,M,2
666,2023,SE,3,FT,2,Data Scientist,5,83270,USD,83270,2,US,100,US,M,2
1242,2023,MI,2,FT,2,Data Analyst,1,83500,USD,83500,2,US,100,US,M,2
867,2023,SE,3,FT,2,Data Scientist,5,84000,USD,84000,2,US,100,US,M,2
1051,2023,SE,3,FT,2,Data Scientist,5,84000,USD,84000,2,US,100,US,M,2
1307,2023,EN,1,FT,2,Data Analyst,1,85000,USD,85000,2,US,100,US,M,2
897,2023,MI,2,FT,2,Data Analyst,1,85000,USD,85000,2,US,0,US,M,2
140,2023,EN,1,FT,2,Data Analyst,1,85000,USD,85000,2,US,100,US,M,2
605,2023,MI,2,FT,2,Data Analyst,1,85000,USD,85000,2,US,0,US,M,2
1520,2023,EN,1,FT,2,Data Analyst,1,85000,USD,85000,2,US,100,US,M,2
1682,2023,SE,3,FT,2,Data Analyst,1,85000,USD,85000,2,US,100,US,M,2
186,2023,SE,3,FT,2,Data Analyst,1,85000,USD,85000,2,US,0,US,M,2
562,2023,EN,1,FT,2,Data Analyst,1,85000,USD,85000,2,US,100,US,M,2
597,2023,SE,3,FT,2,Data Analyst,1,85000,USD,85000,2,US,0,US,M,2
704,2023,EN,1,FT,2,Data Engineer,2,85000,USD,85000,2,US,0,US,M,2
833,2023,EN,1,FT,2,Data Engineer,2,85000,USD,85000,2,US,0,US,M,2
936,2023,EN,1,FT,2,Data Engineer,2,85000,USD,85000,2,US,0,US,M,2
1031,2023,EN,1,FT,2,Data Engineer,2,85000,USD,85000,2,US,0,US,M,2
1113,2023,SE,3,FT,2,Data Engineer,2,85000,USD,85000,2,US,100,US,M,2
1235,2023,SE,3,FT,2,Data Analyst,1,85500,USD,85500,2,US,0,US,M,2
1733,2023,SE,3,FT,2,Data Analyst,1,85500,USD,85500,2,US,0,US,M,2
137,2023,SE,3,FT,2,Data Analyst,1,85500,USD,85500,2,US,0,US,M,2
250,2023,SE,3,FT,2,Data Analyst,1,86466,USD,86466,2,US,100,US,M,2
340,2023,SE,3,FT,2,Data Analyst,1,87000,USD,87000,2,US,100,US,M,2
395,2023,SE,3,FT,2,Analytics Engineer,3,87000,USD,87000,2,US,0,US,M,2
1500,2023,MI,2,FT,2,Machine Learning Engineer,4,87000,USD,87000,2,US,0,US,M,2
1348,2023,SE,3,FT,2,Data Engineer,2,87980,USD,87980,2,US,0,US,M,2
881,2023,SE,3,FT,2,Data Engineer,2,87980,USD,87980,2,US,0,US,M,2
949,2023,MI,2,FT,2,Data Analyst,1,90000,USD,90000,2,US,0,US,M,2
1072,2023,SE,3,FT,2,Data Analyst,1,90000,USD,90000,2,US,100,US,M,2
317,2023,SE,3,FT,2,Data Analyst,1,90000,USD,90000,2,US,100,US,M,2
1045,2023,MI,2,FT,2,Data Analyst,1,90000,USD,90000,2,US,0,US,M,2
1453,2023,MI,2,FT,2,Data Engineer,2,90000,USD,90000,2,US,0,US,M,2
682,2023,EN,1,FT,2,Data Engineer,2,90000,USD,90000,2,US,0,US,M,2
1629,2023,MI,2,FT,2,Data Engineer,2,90000,USD,90000,2,US,100,US,M,2
1076,2023,MI,2,FT,2,Data Engineer,2,90000,USD,90000,2,US,100,US,M,2
1244,2023,EN,1,FT,2,Data Engineer,2,90000,USD,90000,2,US,0,US,M,2
365,2023,SE,3,FT,2,Data Engineer,2,90000,USD,90000,2,US,0,US,M,2
400,2023,MI,2,FT,2,Data Engineer,2,90000,USD,90000,2,US,0,US,M,2
945,2023,MI,2,FT,2,Data Engineer,2,90000,USD,90000,2,US,0,US,M,2
1523,2023,SE,3,FT,2,Data Engineer,2,90000,USD,90000,2,US,100,US,M,2
398,2023,MI,2,FT,2,Machine Learning Engineer,4,90000,USD,90000,2,US,0,US,M,2
616,2023,SE,3,FT,2,Machine Learning Software Engineer,4,90000,USD,90000,2,US,0,US,M,2
621,2023,SE,3,FT,2,Data Scientist,5,90000,USD,90000,2,US,100,US,M,2
622,2023,SE,3,FT,2,Data Scientist,5,90000,USD,90000,2,US,100,US,M,2
817,2023,MI,2,FT,2,Data Scientist,5,90000,USD,90000,2,US,0,US,M,2
1047,2023,SE,3,FT,2,Data Modeler,2,90700,USD,90700,2,US,0,US,M,2
1174,2023,SE,3,FT,2,Data Engineer,2,90700,USD,90700,2,US,0,US,M,2
1190,2023,SE,3,FT,2,Data Engineer,2,90700,USD,90700,2,US,0,US,M,2
1479,2023,SE,3,FT,2,Machine Learning Engineer,4,90700,USD,90700,2,US,0,US,M,2
540,2023,SE,3,FT,2,Data Scientist,5,90700,USD,90700,2,US,0,US,M,2
1140,2023,SE,3,FT,2,Data Scientist,5,90700,USD,90700,2,US,0,US,M,2
660,2023,EN,1,FT,2,Data Engineer,2,92700,USD,92700,2,US,100,US,M,2
812,2023,EN,1,FT,2,Data Engineer,2,92700,USD,92700,2,US,100,US,M,2
1301,2023,SE,3,FT,2,Data Analyst,1,93800,USD,93800,2,US,100,US,M,2
1576,2023,MI,2,FT,2,Data Scientist,5,93918,USD,93918,2,US,100,US,M,2
1818,2023,SE,3,FT,2,Data Analyst,1,93919,USD,93919,2,US,100,US,M,2
16,2023,SE,3,FT,2,Data Analyst,1,94000,USD,94000,2,US,100,US,M,2
32,2023,SE,3,FT,2,Data Analyst,1,94000,USD,94000,2,US,0,US,M,2
692,2023,SE,3,FT,2,Data Engineer,2,94000,USD,94000,2,US,0,US,M,2
1210,2023,SE,3,FT,2,Data Engineer,2,94300,USD,94300,2,US,0,US,M,2
10,2023,SE,3,FT,2,Data Analyst,1,95000,USD,95000,2,US,100,US,M,2
1074,2023,EN,1,FT,2,Data Analyst,1,95000,USD,95000,2,US,100,US,M,2
457,2023,SE,3,FT,2,Data Analyst,1,95000,USD,95000,2,US,0,US,M,2
601,2023,SE,3,FT,2,Data Analyst,1,95000,USD,95000,2,US,0,US,M,2
978,2023,SE,3,FT,2,Data Analyst,1,95000,USD,95000,2,US,0,US,M,2
336,2023,SE,3,FT,2,Data Analyst,1,95000,USD,95000,2,US,0,US,M,2
1296,2023,SE,3,FT,2,Data Analyst,1,95000,USD,95000,2,US,100,US,M,2
821,2023,MI,2,FT,2,Data Analyst,1,95000,USD,95000,2,US,100,US,M,2
1424,2023,SE,3,FT,2,Data Engineer,2,95000,USD,95000,2,US,100,US,M,2
1602,2023,MI,2,FT,2,Data Engineer,2,95000,USD,95000,2,US,0,US,M,2
1590,2023,MI,2,FT,2,Data Engineer,2,95000,USD,95000,2,US,0,US,M,2
719,2023,MI,2,FT,2,Data Engineer,2,95000,USD,95000,2,US,100,US,M,2
106,2023,MI,2,FT,2,Data Engineer,2,95000,USD,95000,2,US,0,US,M,2
556,2023,SE,3,FT,2,Data Engineer,2,96100,USD,96100,2,US,100,US,M,2
661,2023,MI,2,FT,2,Data Scientist,5,97750,USD,97750,2,US,100,US,M,2
880,2023,SE,3,FT,2,Data Analyst,1,100000,USD,100000,2,US,100,US,M,2
948,2023,SE,3,FT,2,Data Analyst,1,100000,USD,100000,2,US,100,US,M,2
1071,2023,SE,3,FT,2,Data Analyst,1,100000,USD,100000,2,US,100,US,M,2
1112,2023,MI,2,FT,2,Data Analyst,1,100000,USD,100000,2,US,0,US,M,2
1156,2023,EN,1,FT,2,Data Analyst,1,100000,USD,100000,2,US,0,US,M,2
1291,2023,EN,1,FT,2,Data Analyst,1,100000,USD,100000,2,US,50,US,M,2
147,2023,MI,2,FT,2,Data Analyst,1,100000,USD,100000,2,US,0,US,M,2
710,2023,MI,2,FT,2,Data Analyst,1,100000,USD,100000,2,US,0,US,M,2
1507,2023,MI,2,FT,2,Data Analyst,1,100000,USD,100000,2,US,0,US,M,2
1570,2023,MI,2,FT,2,Data Analyst,1,100000,USD,100000,2,US,100,US,M,2
1619,2023,MI,2,FT,2,Data Analyst,1,100000,USD,100000,2,US,0,US,M,2
1666,2023,MI,2,FT,2,Data Analyst,1,100000,USD,100000,2,US,0,US,M,2
889,2023,MI,2,FT,2,Data Engineer,2,100000,USD,100000,2,US,100,US,M,2
12,2023,MI,2,FT,2,Data Engineer,2,100000,USD,100000,2,US,100,US,M,2
230,2023,SE,3,FT,2,Data Engineer,2,100000,USD,100000,2,US,0,US,M,2
352,2023,MI,2,FT,2,Data Engineer,2,100000,USD,100000,2,US,0,US,M,2
474,2023,MI,2,FT,2,Data Engineer,2,100000,USD,100000,2,US,0,US,M,2
571,2023,SE,3,FT,2,Machine Learning Engineer,4,100000,USD,100000,2,US,0,US,M,2
703,2023,SE,3,FT,2,Data Scientist,5,100000,USD,100000,2,US,100,US,M,2
865,2023,EX,4,FT,2,Data Scientist,5,100000,USD,100000,2,US,0,US,M,2
1281,2023,MI,2,FT,2,Data Scientist,5,100000,USD,100000,2,US,0,US,M,2
1391,2023,MI,2,FT,2,Data Scientist,5,100000,USD,100000,2,US,0,US,M,2
1407,2023,SE,3,FT,2,Data Analyst,1,100500,USD,100500,3,US,0,US,M,2
1534,2023,SE,3,FT,2,Data Analyst,1,100500,USD,100500,3,US,0,US,M,2
1578,2023,SE,3,FT,2,Data Engineer,2,100706,USD,100706,3,US,0,US,M,2
1689,2023,MI,2,FT,2,Data Engineer,2,102000,USD,102000,3,US,0,US,M,2
1813,2023,MI,2,FT,2,Data Engineer,2,102000,USD,102000,3,US,0,US,M,2
135,2023,SE,3,FT,2,Data Analyst,1,102500,USD,102500,3,US,100,US,M,2
153,2023,SE,3,FT,2,Data Scientist,5,102500,USD,102500,3,US,100,US,M,2
236,2023,MI,2,FT,2,Data Analyst,1,103200,USD,103200,3,US,0,US,M,2
1021,2023,SE,3,FT,2,Data Engineer,2,104000,USD,104000,3,US,100,US,M,2
1737,2023,SE,3,FT,2,Data Scientist,5,104000,USD,104000,3,US,100,US,M,2
1092,2023,SE,3,FT,2,Data Scientist,5,104000,USD,104000,3,US,100,US,M,2
432,2023,SE,3,FT,2,Data Scientist,5,104000,USD,104000,3,US,100,US,M,2
1729,2023,SE,3,FT,2,Data Analyst,1,104300,USD,104300,3,US,0,US,L,3
1756,2023,SE,3,FT,2,Data Scientist,5,104650,USD,104650,3,US,100,US,M,2
1104,2023,SE,3,FT,2,Data Analyst,1,105000,USD,105000,3,US,100,US,M,2
303,2023,MI,2,FT,2,Data Analyst,1,105000,USD,105000,3,US,0,US,M,2
554,2023,MI,2,FT,2,Data Engineer,2,105000,USD,105000,3,US,0,US,M,2
690,2023,SE,3,FT,2,Data Scientist,5,105000,USD,105000,3,US,0,US,M,2
700,2023,SE,3,FT,2,Data Scientist,5,105000,USD,105000,3,US,0,US,M,2
1670,2023,SE,3,FT,2,Data Scientist,5,105000,USD,105000,3,US,0,US,M,2
1351,2023,MI,2,FT,2,Data Scientist,5,105000,USD,105000,3,US,0,US,M,2
1403,2023,SE,3,FT,2,Data Analyst,1,105200,USD,105200,3,US,0,US,M,2
748,2023,SE,3,FT,2,Data Architect,6,105200,USD,105200,3,US,0,US,M,2
885,2023,SE,3,FT,2,Data Engineer,2,105200,USD,105200,3,US,0,US,M,2
444,2023,SE,3,FT,2,Data Scientist,5,105200,USD,105200,3,US,0,US,M,2
652,2023,MI,2,FT,2,Data Analyst,1,105380,USD,105380,3,US,0,US,M,2
1719,2023,SE,3,FT,2,Data Analyst,1,105500,USD,105500,3,US,0,US,M,2
552,2023,SE,3,FT,2,Data Analyst,1,105500,USD,105500,3,US,0,US,M,2
875,2023,SE,3,FT,2,Data Analyst,1,105500,USD,105500,3,US,0,US,M,2
1584,2023,MI,2,FT,2,Data Analyst,1,105500,USD,105500,3,US,0,US,M,2
636,2023,SE,3,FT,2,Data Engineer,2,105700,USD,105700,3,US,0,US,L,3
1334,2023,SE,3,FT,2,Data Engineer,2,105700,USD,105700,3,US,0,US,L,3
1441,2023,SE,3,FT,2,Data Analyst,1,106000,USD,106000,3,US,0,US,M,2
1083,2023,SE,3,FT,2,Data Analyst,1,106000,USD,106000,3,US,0,US,M,2
1002,2023,SE,3,FT,2,Analytics Engineer,3,106000,USD,106000,3,US,0,US,M,2
1516,2023,SE,3,FT,2,Data Analyst,1,106020,USD,106020,3,US,0,US,M,2
1613,2023,SE,3,FT,2,Data Analyst,1,106020,USD,106020,3,US,0,US,M,2
100,2023,SE,3,FT,2,Data Analyst,1,106020,USD,106020,3,US,0,US,M,2
810,2023,SE,3,FT,2,Data Analyst,1,106020,USD,106020,3,US,0,US,M,2
386,2023,SE,3,FT,2,Data Analyst,1,106020,USD,106020,3,US,0,US,M,2
155,2023,MI,2,FT,2,Data Scientist,5,106250,USD,106250,3,US,0,US,M,2
399,2023,MI,2,FT,2,Data Architect,6,106500,USD,106500,3,US,0,US,M,2
832,2023,MI,2,FT,2,Data Architect,6,106500,USD,106500,3,US,0,US,M,2
1276,2023,SE,3,FT,2,Data Engineer,2,106500,USD,106500,3,US,0,US,M,2
1661,2023,EX,4,FT,2,Data Engineer,2,106500,USD,106500,3,US,0,US,M,2
93,2023,SE,3,FT,2,Data Engineer,2,106500,USD,106500,3,US,0,US,M,2
743,2023,SE,3,FT,2,Data Analyst,1,106800,USD,106800,3,US,0,US,M,2
1410,2023,SE,3,FT,2,Data Analyst,1,106800,USD,106800,3,US,0,US,M,2
1767,2023,SE,3,FT,2,Data Analyst,1,106800,USD,106800,3,US,0,US,M,2
162,2023,SE,3,FT,2,Data Analyst,1,106800,USD,106800,3,US,0,US,M,2
1016,2023,SE,3,FT,2,Data Analyst,1,106800,USD,106800,3,US,0,US,M,2
696,2023,SE,3,FT,2,Data Engineer,2,106800,USD,106800,3,US,100,US,M,2
311,2023,SE,3,FT,2,Data Engineer,2,106800,USD,106800,3,US,100,US,M,2
1467,2023,SE,3,FT,2,Data Engineer,2,106800,USD,106800,3,US,0,US,M,2
1652,2023,SE,3,FT,2,Data Engineer,2,106800,USD,106800,3,US,0,US,M,2
37,2023,SE,3,FT,2,Machine Learning Engineer,4,106900,USD,106900,3,US,0,US,M,2
253,2023,SE,3,FT,2,Data Engineer,2,107000,USD,107000,3,US,100,US,M,2
404,2023,SE,3,FT,2,Data Engineer,2,107250,USD,107250,3,US,100,US,M,2
570,2023,SE,3,FT,2,Data Engineer,2,107500,USD,107500,3,US,100,US,M,2
1608,2023,SE,3,FT,2,Data Engineer,2,107900,USD,107900,3,US,100,US,M,2
630,2023,SE,3,FT,2,Data Analyst,1,108000,USD,108000,3,US,0,US,M,2
1555,2023,SE,3,FT,2,Data Analyst,1,108000,USD,108000,3,US,100,US,M,2
321,2023,MI,2,FT,2,Data Analyst,1,109000,USD,109000,3,US,0,US,M,2
382,2023,SE,3,FT,2,Data Engineer,2,109000,USD,109000,3,US,0,US,M,2
1090,2023,SE,3,FT,2,Data Engineer,2,109400,USD,109400,3,US,0,US,M,2
1640,2023,SE,3,FT,2,Data Engineer,2,109400,USD,109400,3,US,0,US,M,2
648,2023,SE,3,FT,2,Data Engineer,2,109400,USD,109400,3,US,0,US,M,2
734,2023,SE,3,FT,2,Data Engineer,2,109400,USD,109400,3,US,0,US,M,2
646,2023,SE,3,FT,2,Data Engineer,2,109400,USD,109400,3,US,0,US,M,2
1214,2023,SE,3,FT,2,Machine Learning Engineer,4,109400,USD,109400,3,US,0,US,M,2
1455,2023,SE,3,FT,2,Machine Learning Engineer,4,109400,USD,109400,3,US,0,US,M,2
1482,2023,SE,3,FT,2,Machine Learning Engineer,4,109400,USD,109400,3,US,0,US,M,2
305,2023,SE,3,FT,2,Machine Learning Engineer,4,109400,USD,109400,3,US,0,US,M,2
624,2023,MI,2,FT,2,Data Analyst,1,110000,USD,110000,3,US,100,US,M,2
742,2023,SE,3,FT,2,Data Analyst,1,110000,USD,110000,3,US,100,US,M,2
873,2023,SE,3,FT,2,Data Analyst,1,110000,USD,110000,3,US,0,US,M,2
1027,2023,SE,3,FT,2,Data Analyst,1,110000,USD,110000,3,US,0,US,M,2
1172,2023,SE,3,FT,2,Data Analyst,1,110000,USD,110000,3,US,0,US,M,2
762,2023,SE,3,FT,2,Data Analyst,1,110000,USD,110000,3,US,100,US,S,1
871,2023,MI,2,FT,2,Data Analyst,1,110000,USD,110000,3,US,100,US,M,2
1029,2023,SE,3,FT,2,Data Architect,6,110000,USD,110000,3,US,100,US,M,2
1180,2023,EX,4,FT,2,Data Engineer,2,110000,USD,110000,3,US,0,US,M,2
20,2023,EX,4,FT,2,Data Engineer,2,110000,USD,110000,3,US,0,US,M,2
679,2023,SE,3,FT,2,Data Engineer,2,110000,USD,110000,3,US,0,US,M,2
863,2023,MI,2,FT,2,Machine Learning Engineer,4,110000,USD,110000,3,US,100,US,L,3
919,2023,SE,3,FT,2,Data Scientist,5,110000,USD,110000,3,US,100,US,M,2
1004,2023,EN,1,FT,2,Data Scientist,5,110000,USD,110000,3,US,50,US,S,1
1108,2023,SE,3,FT,2,Data Scientist,5,110000,USD,110000,3,US,100,US,M,2
1290,2023,SE,3,FT,2,Data Scientist,5,110000,USD,110000,3,US,100,US,M,2
1522,2023,SE,3,FT,2,Data Scientist,5,110500,USD,110500,3,US,100,US,M,2
1805,2023,SE,3,FT,2,Data Analyst,1,110600,USD,110600,3,US,0,US,M,2
275,2023,SE,3,FT,2,Data Analyst,1,110600,USD,110600,3,US,0,US,M,2
1375,2023,SE,3,FT,2,Data Analyst,1,110600,USD,110600,3,US,0,US,M,2
1691,2023,SE,3,FT,2,Data Engineer,2,111000,USD,111000,3,US,0,US,M,2
1387,2023,SE,3,FT,2,Data Analyst,1,112000,USD,112000,3,US,100,US,M,2
364,2023,MI,2,FT,2,Data Analyst,1,112000,USD,112000,3,US,0,US,M,2
1322,2023,SE,3,FT,2,Data Analyst,1,112000,USD,112000,3,US,100,US,M,2
1519,2023,SE,3,FT,2,Analytics Engineer,3,112000,USD,112000,3,US,100,US,M,2
1681,2023,SE,3,FT,2,Data Architect,6,113000,USD,113000,3,US,0,US,M,2
1557,2023,SE,3,FT,2,Data Architect,6,113000,USD,113000,3,US,0,US,M,2
1687,2023,SE,3,FT,2,Data Architect,6,113000,USD,113000,3,US,0,US,M,2
279,2023,SE,3,FT,2,Data Architect,6,113000,USD,113000,3,US,0,US,M,2
63,2023,SE,3,FT,2,Data Architect,6,113000,USD,113000,3,US,0,US,M,2
758,2023,SE,3,FT,2,Analytics Engineer,3,113000,USD,113000,3,US,100,US,M,2
1053,2023,SE,3,FT,2,Data Engineer,2,113750,USD,113750,3,US,0,US,M,2
1184,2023,SE,3,FT,2,Data Architect,6,113900,USD,113900,3,US,100,US,M,2
43,2023,SE,3,FT,2,Data Architect,6,113900,USD,113900,3,US,100,US,M,2
588,2023,SE,3,FT,2,Data Architect,6,114000,USD,114000,3,US,100,US,M,2
313,2023,SE,3,FT,2,Data Engineer,2,114000,USD,114000,3,US,100,US,M,2
684,2023,SE,3,FT,2,Data Engineer,2,114500,USD,114500,3,US,0,US,M,2
982,2023,SE,3,FT,2,Data Architect,6,115000,USD,115000,3,US,100,US,M,2
248,2023,SE,3,FT,2,Data Architect,6,115000,USD,115000,3,US,100,US,M,2
1409,2023,SE,3,FT,2,Data Architect,6,115000,USD,115000,3,US,100,US,M,2
1451,2023,SE,3,FT,2,Data Architect,6,115000,USD,115000,3,US,100,US,M,2
1580,2023,SE,3,FT,2,Data Architect,6,115000,USD,115000,3,US,100,US,M,2
1588,2023,SE,3,FT,2,Data Engineer,2,115000,USD,115000,3,US,0,US,M,2
1777,2023,SE,3,FT,2,Data Engineer,2,115000,USD,115000,3,US,0,US,M,2
1785,2023,SE,3,FT,2,Data Engineer,2,115000,USD,115000,3,US,0,US,M,2
271,2023,EX,4,FT,2,Data Engineer,2,115000,USD,115000,3,US,0,US,M,2
498,2023,SE,3,FT,2,Data Engineer,2,115000,USD,115000,3,US,0,US,M,2
642,2023,SE,3,FT,2,Data Engineer,2,115000,USD,115000,3,US,0,US,M,2
731,2023,SE,3,FT,2,Data Engineer,2,115000,USD,115000,3,US,0,US,M,2
1196,2023,SE,3,FT,2,Data Scientist,5,115000,USD,115000,3,US,0,US,M,2
1646,2023,SE,3,FT,2,Data Scientist,5,115000,USD,115000,3,US,100,US,M,2
452,2023,MI,2,FT,2,Data Engineer,2,115092,USD,115092,3,US,0,US,M,2
199,2023,EN,1,FT,2,Data Engineer,2,115100,USD,115100,3,US,0,US,M,2
201,2023,MI,2,FT,2,Data Scientist,5,115360,USD,115360,3,US,100,US,M,2
1266,2023,SE,3,FT,2,Data Scientist,5,115440,USD,115440,3,US,0,US,M,2
1268,2023,EX,4,FT,2,Data Engineer,2,115500,USD,115500,3,US,0,US,M,2
1664,2023,SE,3,FT,2,Data Analyst,1,115934,USD,115934,3,US,100,US,M,2
1674,2023,SE,3,FT,2,Data Analyst,1,115934,USD,115934,3,US,100,US,M,2
70,2023,MI,2,FT,2,Data Analyst,1,116000,USD,116000,3,US,0,US,M,2
160,2023,MI,2,FT,2,Data Engineer,2,116000,USD,116000,3,US,0,US,M,2
225,2023,SE,3,FT,2,Data Engineer,2,116000,USD,116000,3,US,0,US,M,2
238,2023,SE,3,FT,2,Analytics Engineer,3,116450,USD,116450,3,US,0,US,M,2
331,2023,EX,4,FT,2,Data Engineer,2,116704,USD,116704,3,US,100,US,M,2
512,2023,EX,4,FT,2,Data Engineer,2,116704,USD,116704,3,US,100,US,M,2
1367,2023,MI,2,FT,2,Data Scientist,5,116990,USD,116990,3,US,100,US,M,2
316,2023,SE,3,FT,2,Data Architect,6,117000,USD,117000,3,US,100,US,M,2
614,2023,SE,3,FT,2,Analytics Engineer,3,117100,USD,117100,3,US,100,US,M,2
1713,2023,SE,3,FT,2,Data Engineer,2,119000,USD,119000,3,US,0,US,M,2
538,2023,SE,3,FT,2,Data Analyst,1,119500,USD,119500,3,US,100,US,M,2
693,2023,SE,3,FT,2,Data Analyst,1,120000,USD,120000,3,US,100,US,M,2
1336,2023,SE,3,FT,2,Data Analyst,1,120000,USD,120000,3,US,0,US,M,2
1787,2023,SE,3,FT,2,Data Analyst,1,120000,USD,120000,3,US,0,US,M,2
658,2023,SE,3,FT,2,Data Analyst,1,120000,USD,120000,3,US,100,US,M,2
665,2023,SE,3,FT,2,Data Analyst,1,120000,USD,120000,3,US,100,US,M,2
1241,2023,MI,2,FT,2,Data Analyst,1,120000,USD,120000,3,US,100,US,M,2
1655,2023,MI,2,FT,2,Data Analyst,1,120000,USD,120000,3,US,0,US,M,2
913,2023,SE,3,FT,2,Data Architect,6,120000,USD,120000,3,US,0,US,M,2
925,2023,SE,3,FT,2,Data Engineer,2,120000,USD,120000,3,US,0,US,M,2
108,2023,SE,3,FT,2,Data Engineer,2,120000,USD,120000,3,US,0,US,M,2
746,2023,SE,3,FT,2,Data Engineer,2,120000,USD,120000,3,US,0,US,M,2
1303,2023,MI,2,FT,2,Data Engineer,2,120000,USD,120000,3,US,0,US,M,2
896,2023,SE,3,FT,2,Data Engineer,2,120000,USD,120000,3,US,0,US,M,2
800,2023,MI,2,FT,2,Data Engineer,2,120000,USD,120000,3,US,0,US,M,2
269,2023,SE,3,FT,2,Data Engineer,2,120000,USD,120000,3,US,0,US,M,2
1459,2023,MI,2,FT,2,Data Engineer,2,120000,USD,120000,3,US,100,US,M,2
827,2023,MI,2,FT,2,Data Engineer,2,120000,USD,120000,3,US,0,US,M,2
215,2023,SE,3,FT,2,Data Engineer,2,120000,USD,120000,3,US,0,US,M,2
221,2023,MI,2,FT,2,Data Engineer,2,120000,USD,120000,3,US,0,US,M,2
333,2023,MI,2,FT,2,Data Engineer,2,120000,USD,120000,3,US,100,US,M,2
376,2023,MI,2,FT,2,Data Engineer,2,120000,USD,120000,3,US,0,US,M,2
894,2023,MI,2,FT,2,Data Engineer,2,120000,USD,120000,3,US,0,US,M,2
1736,2023,SE,3,FT,2,Analytics Engineer,3,120000,USD,120000,3,US,100,US,M,2
1754,2023,SE,3,FT,2,Analytics Engineer,3,120000,USD,120000,3,US,0,US,M,2
670,2023,SE,3,FT,2,Machine Learning Engineer,4,120000,USD,120000,3,US,100,US,M,2
516,2023,SE,3,FT,2,Data Scientist,5,120000,USD,120000,3,US,0,US,M,2
1728,2023,EN,1,FT,2,Data Scientist,5,120000,USD,120000,3,US,0,US,M,2
1750,2023,SE,3,FT,2,Data Scientist,5,120000,USD,120000,3,US,0,US,M,2
434,2023,SE,3,FT,2,Data Scientist,5,120000,USD,120000,3,US,0,US,M,2
1061,2023,MI,2,FT,2,Data Scientist,5,120000,USD,120000,3,US,0,US,M,2
1204,2023,SE,3,FT,2,Data Scientist,5,120000,USD,120000,3,US,0,US,M,2
116,2023,MI,2,FT,2,Data Scientist,5,120000,USD,120000,3,US,0,US,M,2
582,2023,SE,3,FT,2,Data Scientist,5,120000,USD,120000,3,US,0,US,M,2
668,2023,SE,3,FT,2,Data Scientist,5,120000,USD,120000,3,US,0,US,M,2
967,2023,SE,3,FT,2,Data Analyst,1,120250,USD,120250,3,US,100,US,M,2
1055,2023,SE,3,FT,2,Data Analyst,1,120250,USD,120250,3,US,100,US,M,2
1252,2023,MI,2,FT,2,Data Analyst,1,121500,USD,121500,3,US,0,US,M,2
1499,2023,SE,3,FT,2,Data Engineer,2,121500,USD,121500,3,US,100,US,M,2
1766,2023,SE,3,FT,2,Data Analyst,1,121600,USD,121600,3,US,100,US,M,2
1783,2023,SE,3,FT,2,Data Analyst,1,121700,USD,121700,3,US,0,US,M,2
1789,2023,SE,3,FT,2,Data Analyst,1,121700,USD,121700,3,US,0,US,M,2
1672,2023,SE,3,FT,2,Data Analyst,1,121700,USD,121700,3,US,0,US,M,2
518,2023,SE,3,FT,2,Data Analyst,1,121904,USD,121904,3,US,0,US,M,2
712,2023,SE,3,FT,2,Data Analyst,1,122000,USD,122000,3,US,100,US,M,2
450,2023,SE,3,FT,2,Data Analyst,1,122000,USD,122000,3,US,0,US,M,2
910,2023,SE,3,FT,2,Data Engineer,2,122000,USD,122000,3,US,0,US,M,2
654,2023,SE,3,FT,2,Data Scientist,5,122000,USD,122000,3,US,0,US,M,2
853,2023,SE,3,FT,2,Data Scientist,5,122000,USD,122000,3,US,0,US,M,2
883,2023,SE,3,FT,2,Machine Learning Engineer,4,122700,USD,122700,3,US,0,US,M,2
994,2023,SE,3,FT,2,Machine Learning Engineer,4,122700,USD,122700,3,US,0,US,M,2
1010,2023,SE,3,FT,2,Machine Learning Engineer,4,122700,USD,122700,3,US,0,US,M,2
977,2023,SE,3,FT,2,Data Scientist,5,122700,USD,122700,3,US,0,US,M,2
1423,2023,SE,3,FT,2,Data Scientist,5,122900,USD,122900,3,US,0,US,L,3
1601,2023,SE,3,FT,2,Data Engineer,2,123600,USD,123600,3,US,100,US,M,2
891,2023,SE,3,FT,2,Data Engineer,2,123700,USD,123700,3,US,0,US,L,3
903,2023,SE,3,FT,2,Data Engineer,2,123700,USD,123700,3,US,0,US,L,3
1589,2023,SE,3,FT,2,Data Scientist,5,123900,USD,123900,3,US,100,US,M,2
840,2023,MI,2,FT,2,Data Analyst,1,124000,USD,124000,3,US,0,US,M,2
848,2023,EN,1,FT,2,Data Scientist,5,124234,USD,124234,3,US,0,US,M,2
1006,2023,SE,3,FT,2,Data Engineer,2,124500,USD,124500,3,US,0,US,M,2
1621,2023,SE,3,FT,2,Data Engineer,2,124740,USD,124740,3,US,0,US,M,2
242,2023,SE,3,FT,2,Data Engineer,2,124740,USD,124740,3,US,0,US,M,2
55,2023,SE,3,FT,2,Data Analyst,1,125000,USD,125000,3,US,100,US,M,2
267,2023,SE,3,FT,2,Data Analyst,1,125000,USD,125000,3,US,0,US,M,2
1477,2023,SE,3,FT,2,Data Analyst,1,125000,USD,125000,3,US,0,US,M,2
844,2023,SE,3,FT,2,Data Analyst,1,125000,USD,125000,3,US,100,US,M,2
1240,2023,MI,2,FT,2,Data Analyst,1,125000,USD,125000,3,US,0,US,M,2
496,2023,SE,3,FT,2,Data Analyst,1,125000,USD,125000,3,US,0,US,M,2
1480,2023,SE,3,FT,2,Data Architect,6,125000,USD,125000,3,US,100,US,M,2
504,2023,MI,2,FT,2,Data Engineer,2,125000,USD,125000,3,US,0,US,M,2
1038,2023,EN,1,FT,2,Data Engineer,2,125000,USD,125000,3,US,0,US,M,2
1253,2023,EN,1,FT,2,Data Engineer,2,125000,USD,125000,3,US,0,US,M,2
312,2023,MI,2,FT,2,Data Engineer,2,125000,USD,125000,3,US,0,US,M,2
862,2023,MI,2,FT,2,Data Engineer,2,125000,USD,125000,3,US,0,US,M,2
1003,2023,SE,3,FT,2,Machine Learning Engineer,4,125000,USD,125000,3,US,0,US,M,2
1065,2023,SE,3,FT,2,Machine Learning Engineer,4,125000,USD,125000,3,US,0,US,M,2
1275,2023,SE,3,FT,2,Data Analyst,1,125600,USD,125600,3,US,0,US,M,2
1521,2023,SE,3,FT,2,Data Analyst,1,125600,USD,125600,3,US,100,US,M,2
1732,2023,SE,3,FT,2,Data Engineer,2,126000,USD,126000,3,US,0,US,M,2
522,2023,SE,3,FT,2,Data Engineer,2,126000,USD,126000,3,US,0,US,M,2
397,2023,SE,3,FT,2,Data Engineer,2,126000,USD,126000,3,US,0,US,M,2
615,2023,SE,3,FT,2,Data Engineer,2,126000,USD,126000,3,US,0,US,M,2
816,2023,SE,3,FT,2,Data Engineer,2,126000,USD,126000,3,US,0,US,M,2
887,2023,SE,3,FT,2,Machine Learning Engineer,4,126000,USD,126000,3,US,0,US,M,2
1173,2023,SE,3,FT,2,Machine Learning Engineer,4,126000,USD,126000,3,US,0,US,M,2
431,2023,SE,3,FT,2,Machine Learning Engineer,4,126000,USD,126000,3,US,0,US,M,2
1381,2023,SE,3,FT,2,Machine Learning Engineer,4,126000,USD,126000,3,US,0,US,M,2
406,2023,SE,3,FT,2,Data Scientist,5,126000,USD,126000,3,US,0,US,M,2
420,2023,MI,2,FT,2,Machine Learning Engineer,4,126277,USD,126277,3,US,0,US,M,2
901,2023,SE,3,FT,2,Data Scientist,5,126500,USD,126500,3,US,0,US,M,2
819,2023,SE,3,FT,2,Data Analyst,1,127000,USD,127000,3,US,100,US,M,2
970,2023,SE,3,FT,2,Data Analyst,1,127075,USD,127075,3,US,100,US,M,2
510,2023,SE,3,FT,2,Data Analyst,1,128000,USD,128000,3,US,0,US,M,2
1491,2023,MI,2,FT,2,Data Analyst,1,128000,USD,128000,3,US,0,US,M,2
618,2023,SE,3,FT,2,Data Engineer,2,128000,USD,128000,3,US,0,US,M,2
778,2023,SE,3,FT,2,Data Engineer,2,128000,USD,128000,3,US,0,US,M,2
953,2023,SE,3,FT,2,Data Engineer,2,128000,USD,128000,3,US,0,US,M,2
1080,2023,SE,3,FT,2,Data Engineer,2,128000,USD,128000,3,US,100,US,M,2
1361,2023,SE,3,FT,2,Machine Learning Engineer,4,128280,USD,128280,3,US,0,US,M,2
788,2023,SE,3,FT,2,Data Analyst,1,128500,USD,128500,3,US,0,US,M,2
943,2023,MI,2,FT,2,Data Scientist,5,128750,USD,128750,3,US,0,US,M,2
1082,2023,SE,3,FT,2,Data Engineer,2,129000,USD,129000,3,US,0,US,M,2
1363,2023,SE,3,FT,2,Data Engineer,2,129000,USD,129000,3,US,0,US,M,2
640,2023,SE,3,FT,2,Data Engineer,2,129000,USD,129000,3,US,0,US,M,2
1694,2023,SE,3,FT,2,Data Engineer,2,129000,USD,129000,3,US,0,US,M,2
1136,2023,SE,3,FT,2,Data Engineer,2,129000,USD,129000,3,US,0,US,M,2
1141,2023,SE,3,FT,2,Data Engineer,2,129000,USD,129000,3,US,0,US,M,2
820,2023,SE,3,FT,2,Data Engineer,2,129000,USD,129000,3,US,0,US,M,2
283,2023,SE,3,FT,2,Data Engineer,2,129000,USD,129000,3,US,0,US,M,2
299,2023,SE,3,FT,2,Data Engineer,2,129000,USD,129000,3,US,0,US,M,2
561,2023,SE,3,FT,2,Data Engineer,2,129000,USD,129000,3,US,0,US,M,2
222,2023,SE,3,FT,2,Data Engineer,2,129000,USD,129000,3,US,0,US,M,2
490,2023,SE,3,FT,2,Data Engineer,2,129000,USD,129000,3,US,0,US,M,2
1323,2023,SE,3,FT,2,Data Engineer,2,129000,USD,129000,3,US,0,US,M,2
1803,2023,SE,3,FT,2,Data Engineer,2,129300,USD,129300,3,US,0,US,M,2
1598,2023,SE,3,FT,2,Data Engineer,2,129300,USD,129300,3,US,0,US,M,2
1017,2023,SE,3,FT,2,Data Engineer,2,129300,USD,129300,3,US,0,US,M,2
544,2023,SE,3,FT,2,Data Scientist,5,129300,USD,129300,3,US,0,US,M,2
789,2023,SE,3,FT,2,Data Scientist,5,129300,USD,129300,3,US,0,US,M,2
128,2023,SE,3,FT,2,Data Scientist,5,129300,USD,129300,3,US,0,US,M,2
456,2023,SE,3,FT,2,Data Scientist,5,129300,USD,129300,3,US,0,US,M,2
600,2023,SE,3,FT,2,Data Scientist,5,129300,USD,129300,3,US,0,US,M,2
632,2023,SE,3,FT,2,Data Scientist,5,129300,USD,129300,3,US,0,US,M,2
774,2023,SE,3,FT,2,Data Analyst,1,130000,USD,130000,3,US,100,US,M,2
792,2023,MI,2,FT,2,Data Analyst,1,130000,USD,130000,3,US,0,US,M,2
879,2023,SE,3,FT,2,Data Analyst,1,130000,USD,130000,3,US,100,US,M,2
893,2023,MI,2,FT,2,Data Analyst,1,130000,USD,130000,3,US,0,US,M,2
1228,2023,SE,3,FT,2,Data Analyst,1,130000,USD,130000,3,US,100,US,M,2
1379,2023,SE,3,FT,2,Data Analyst,1,130000,USD,130000,3,US,100,US,M,2
1383,2023,MI,2,FT,2,Data Engineer,2,130000,USD,130000,3,US,0,US,M,2
1532,2023,MI,2,FT,2,Data Engineer,2,130000,USD,130000,3,US,0,US,M,2
1610,2023,MI,2,FT,2,Data Engineer,2,130000,USD,130000,3,US,0,US,M,2
86,2023,SE,3,FT,2,Data Engineer,2,130000,USD,130000,3,US,0,US,M,2
126,2023,SE,3,FT,2,Data Engineer,2,130000,USD,130000,3,US,100,US,M,2
992,2023,SE,3,FT,2,Data Engineer,2,130000,USD,130000,3,US,100,US,M,2
1509,2023,MI,2,FT,2,Data Engineer,2,130000,USD,130000,3,US,0,US,M,2
355,2023,SE,3,FT,2,Data Engineer,2,130000,USD,130000,3,US,100,US,M,2
534,2023,SE,3,FT,2,Data Engineer,2,130000,USD,130000,3,US,100,US,M,2
899,2023,SE,3,FT,2,Data Engineer,2,130000,USD,130000,3,US,100,US,M,2
1012,2023,SE,3,FT,2,Data Engineer,2,130000,USD,130000,3,US,0,US,M,2
1178,2023,MI,2,FT,2,Data Engineer,2,130000,USD,130000,3,US,0,US,M,2
1693,2023,SE,3,FT,2,Data Engineer,2,130000,USD,130000,3,US,100,US,M,2
11,2023,SE,3,FT,2,Data Engineer,2,130000,USD,130000,3,US,0,US,M,2
674,2023,MI,2,FT,2,Data Engineer,2,130000,USD,130000,3,US,0,US,M,2
713,2023,SE,3,FT,2,Data Engineer,2,130000,USD,130000,3,US,0,US,M,2
976,2023,SE,3,FT,2,Analytics Engineer,3,130000,USD,130000,3,US,0,US,M,2
1390,2023,SE,3,FT,2,Analytics Engineer,3,130000,USD,130000,3,US,100,US,M,2
1452,2023,SE,3,FT,2,Machine Learning Engineer,4,130000,USD,130000,3,US,0,US,M,2
1734,2023,SE,3,FT,2,Machine Learning Engineer,4,130000,USD,130000,3,US,0,US,M,2
681,2023,MI,2,FT,2,Machine Learning Engineer,4,130000,USD,130000,3,US,0,US,M,2
782,2023,SE,3,FT,2,Data Scientist,5,130000,USD,130000,3,US,100,US,M,2
1068,2023,SE,3,FT,2,Data Scientist,5,130000,USD,130000,3,US,100,US,M,2
36,2023,MI,2,FT,2,Data Scientist,5,130000,USD,130000,3,US,0,US,M,2
168,2023,EN,1,FT,2,Data Scientist,5,130001,USD,130001,3,US,100,US,M,2
206,2023,SE,3,FT,2,Data Scientist,5,132000,USD,132000,3,US,100,US,M,2
362,2023,SE,3,FT,2,Data Engineer,2,132300,USD,132300,3,US,0,US,M,2
460,2023,SE,3,FT,2,Data Engineer,2,132300,USD,132300,3,US,0,US,M,2
594,2023,SE,3,FT,2,Data Engineer,2,132300,USD,132300,3,US,0,US,M,2
686,2023,SE,3,FT,2,Data Scientist,5,133200,USD,133200,3,US,100,US,M,2
756,2023,SE,3,FT,2,Data Engineer,2,133300,USD,133300,3,US,0,US,M,2
927,2023,SE,3,FT,2,Data Engineer,2,133300,USD,133300,3,US,0,US,M,2
961,2023,SE,3,FT,2,Data Engineer,2,133300,USD,133300,3,US,0,US,M,2
1220,2023,SE,3,FT,2,Data Engineer,2,133300,USD,133300,3,US,0,US,M,2
1371,2023,SE,3,FT,2,Data Engineer,2,133300,USD,133300,3,US,0,US,M,2
1511,2023,SE,3,FT,2,Data Engineer,2,133800,USD,133800,3,US,0,US,M,2
1529,2023,SE,3,FT,2,Data Engineer,2,133800,USD,133800,3,US,100,US,M,2
1542,2023,SE,3,FT,2,Data Engineer,2,133832,USD,133832,3,US,0,US,M,2
1594,2023,SE,3,FT,2,Data Scientist,5,134000,USD,134000,3,US,0,US,M,2
28,2023,SE,3,FT,2,Data Scientist,5,134000,USD,134000,3,US,0,US,M,2
428,2023,SE,3,FT,2,Data Scientist,5,134024,USD,134024,3,US,0,US,M,2
539,2023,SE,3,FT,2,Data Scientist,5,134236,USD,134236,3,US,0,US,M,2
1575,2023,SE,3,FT,2,Machine Learning Engineer,4,134500,USD,134500,3,US,0,US,L,3
1615,2023,SE,3,FT,2,Data Analyst,1,135000,USD,135000,3,US,0,US,M,2
1817,2023,SE,3,FT,2,Data Analyst,1,135000,USD,135000,3,US,0,US,M,2
371,2023,SE,3,FT,2,Data Analyst,1,135000,USD,135000,3,US,0,US,M,2
278,2023,MI,2,FT,2,Data Analyst,1,135000,USD,135000,3,US,0,US,M,2
334,2023,SE,3,FT,2,Data Engineer,2,135000,USD,135000,3,US,100,US,M,2
14,2023,EN,1,FT,2,Data Engineer,2,135000,USD,135000,3,US,0,US,M,2
349,2023,EN,1,FT,2,Data Engineer,2,135000,USD,135000,3,US,0,US,M,2
542,2023,SE,3,FT,2,Data Engineer,2,135000,USD,135000,3,US,100,US,M,2
104,2023,EN,1,FT,2,Data Engineer,2,135000,USD,135000,3,US,0,US,M,2
500,2023,EN,1,FT,2,Data Engineer,2,135000,USD,135000,3,US,0,US,M,2
638,2023,MI,2,FT,2,Machine Learning Engineer,4,135000,USD,135000,3,US,50,US,L,3
112,2023,SE,3,FT,2,Machine Learning Engineer,4,135000,USD,135000,3,US,0,US,M,2
347,2023,SE,3,FT,2,ML Engineer,4,135000,USD,135000,3,US,0,US,M,2
1226,2023,SE,3,FT,2,Data Scientist,5,135000,USD,135000,3,US,0,US,M,2
1357,2023,SE,3,FT,2,Data Scientist,5,135000,USD,135000,3,US,0,US,M,2
1377,2023,SE,3,FT,2,Data Scientist,5,135000,USD,135000,3,US,100,US,M,2
1536,2023,SE,3,FT,2,Data Scientist,5,135000,USD,135000,3,US,100,US,M,2
1731,2023,SE,3,FT,2,Data Scientist,5,136000,USD,136000,3,US,0,US,M,2
110,2023,SE,3,FT,2,Data Scientist,5,136000,USD,136000,3,US,100,US,M,2
1665,2023,SE,3,FT,2,Data Scientist,5,136000,USD,136000,3,US,100,US,M,2
1299,2023,SE,3,FT,2,Data Scientist,5,136000,USD,136000,3,US,100,US,M,2
495,2023,SE,3,FT,2,Data Analyst,1,137500,USD,137500,3,US,0,US,M,2
1418,2023,SE,3,FT,2,Data Engineer,2,137500,USD,137500,3,US,100,US,M,2
1551,2023,SE,3,FT,2,Data Engineer,2,137500,USD,137500,3,US,0,US,M,2
608,2023,SE,3,FT,2,Data Analyst,1,138000,USD,138000,3,US,100,US,M,2
246,2023,SE,3,FT,2,Data Engineer,2,138750,USD,138750,3,US,100,US,M,2
414,2023,SE,3,FT,2,Analytics Engineer,3,138750,USD,138750,3,US,100,US,M,2
1815,2023,SE,3,FT,2,Data Scientist,5,138784,USD,138784,3,US,100,US,M,2
252,2023,SE,3,FT,2,Data Analyst,1,138900,USD,138900,3,US,0,US,M,2
403,2023,SE,3,FT,2,Data Analyst,1,139000,USD,139000,3,US,0,US,M,2
569,2023,SE,3,FT,2,Data Engineer,2,139000,USD,139000,3,US,100,US,M,2
809,2023,SE,3,FT,2,Data Scientist,5,139000,USD,139000,3,US,100,US,M,2
1607,2023,SE,3,FT,2,Data Engineer,2,139500,USD,139500,3,US,0,US,M,2
1078,2023,SE,3,FT,2,Data Engineer,2,139500,USD,139500,3,US,0,US,M,2
1416,2023,SE,3,FT,2,Data Engineer,2,139500,USD,139500,3,US,0,US,M,2
1568,2023,SE,3,FT,2,Data Engineer,2,139500,USD,139500,3,US,0,US,M,2
1680,2023,SE,3,FT,2,Data Engineer,2,139500,USD,139500,3,US,0,US,M,2
1745,2023,SE,3,FT,2,Machine Learning Engineer,4,139500,USD,139500,3,US,0,US,M,2
1820,2023,SE,3,FT,2,Machine Learning Engineer,4,139500,USD,139500,3,US,0,US,M,2
527,2023,SE,3,FT,2,Machine Learning Engineer,4,139500,USD,139500,3,US,0,US,M,2
1660,2023,SE,3,FT,2,Machine Learning Engineer,4,139500,USD,139500,3,US,0,US,M,2
1526,2023,SE,3,FT,2,Data Scientist,5,139500,USD,139500,3,US,0,US,M,2
1721,2023,SE,3,FT,2,Data Analyst,1,140000,USD,140000,3,US,0,US,M,2
433,2023,SE,3,FT,2,Data Analyst,1,140000,USD,140000,3,US,0,US,M,2
289,2023,SE,3,FT,2,Data Analyst,1,140000,USD,140000,3,US,100,US,M,2
464,2023,SE,3,FT,2,Data Analyst,1,140000,USD,140000,3,US,100,US,M,2
1293,2023,SE,3,FT,2,Data Engineer,2,140000,USD,140000,3,US,0,US,M,2
1712,2023,SE,3,FT,2,Data Engineer,2,140000,USD,140000,3,US,0,US,M,2
1350,2023,SE,3,FT,2,Data Engineer,2,140000,USD,140000,3,US,0,US,M,2
915,2023,MI,2,FT,2,Data Engineer,2,140000,USD,140000,3,US,0,US,M,2
1001,2023,MI,2,FT,2,Data Engineer,2,140000,USD,140000,3,US,0,US,M,2
1515,2023,SE,3,FT,2,Data Engineer,2,140000,USD,140000,3,US,0,US,M,2
1612,2023,SE,3,FT,2,Data Engineer,2,140000,USD,140000,3,US,0,US,M,2
6,2023,MI,2,FT,2,Data Engineer,2,140000,USD,140000,3,US,0,US,M,2
174,2023,MI,2,FT,2,Data Engineer,2,140000,USD,140000,3,US,100,US,M,2
273,2023,SE,3,FT,2,Data Engineer,2,140000,USD,140000,3,US,0,US,M,2
277,2023,SE,3,FT,2,Analytics Engineer,3,140000,USD,140000,3,US,0,US,M,2
295,2023,SE,3,FT,2,Machine Learning Engineer,4,140000,USD,140000,3,US,100,US,M,2
301,2023,SE,3,FT,2,Machine Learning Engineer,4,140000,USD,140000,3,US,100,US,M,2
440,2023,MI,2,FT,2,Machine Learning Engineer,4,140000,USD,140000,3,US,100,US,M,2
442,2023,SE,3,FT,2,Data Scientist,5,140000,USD,140000,3,US,0,US,M,2
702,2023,SE,3,FT,2,Data Scientist,5,140000,USD,140000,3,US,100,US,M,2
760,2023,MI,2,FT,2,Data Scientist,5,140000,USD,140000,3,US,100,US,M,2
1701,2023,SE,3,FT,2,Data Scientist,5,140000,USD,140000,3,US,0,US,M,2
1114,2023,SE,3,FT,2,Data Scientist,5,140000,USD,140000,3,US,0,US,M,2
1394,2023,SE,3,FT,2,Data Scientist,5,140000,USD,140000,3,US,100,US,M,2
802,2023,SE,3,FT,2,Data Scientist,5,140000,USD,140000,3,US,0,US,M,2
1473,2023,SE,3,FT,2,Data Scientist,5,140000,USD,140000,3,US,0,US,M,2
1741,2023,SE,3,FT,2,Data Scientist,5,140000,USD,140000,3,US,0,US,M,2
1270,2023,SE,3,FT,2,Data Scientist,5,140800,USD,140800,3,US,0,US,M,2
139,2023,SE,3,FT,2,Data Analyst,1,141290,USD,141290,3,US,0,US,M,2
144,2023,SE,3,FT,2,Data Engineer,2,141600,USD,141600,3,US,100,US,M,2
1369,2023,SE,3,FT,2,Data Engineer,2,141600,USD,141600,3,US,0,US,M,2
320,2023,SE,3,FT,2,Data Analyst,1,142000,USD,142000,3,US,100,US,M,2
79,2023,SE,3,FT,2,Data Analyst,1,142000,USD,142000,3,US,100,US,M,2
57,2023,SE,3,FT,2,Machine Learning Engineer,4,142200,USD,142200,3,US,0,US,M,2
1449,2023,SE,3,FT,2,Machine Learning Engineer,4,142200,USD,142200,3,US,0,US,M,2
623,2023,SE,3,FT,2,Machine Learning Engineer,4,142200,USD,142200,3,US,0,US,M,2
741,2023,SE,3,FT,2,Machine Learning Engineer,4,142200,USD,142200,3,US,0,US,M,2
872,2023,SE,3,FT,2,Machine Learning Engineer,4,142200,USD,142200,3,US,0,US,M,2
1026,2023,SE,3,FT,2,Machine Learning Engineer,4,142200,USD,142200,3,US,0,US,M,2
1171,2023,SE,3,FT,2,Machine Learning Engineer,4,142200,USD,142200,3,US,0,US,M,2
761,2023,SE,3,FT,2,Machine Learning Engineer,4,142200,USD,142200,3,US,0,US,M,2
870,2023,SE,3,FT,2,Machine Learning Engineer,4,142200,USD,142200,3,US,0,US,M,2
1028,2023,MI,2,FT,2,Data Analyst,1,143000,USD,143000,3,US,0,US,M,2
1179,2023,SE,3,FT,2,Analytics Engineer,3,143200,USD,143200,3,US,0,US,M,2
1158,2023,SE,3,FT,2,Analytics Engineer,3,143860,USD,143860,3,US,0,US,M,2
130,2023,SE,3,FT,2,Analytics Engineer,3,143860,USD,143860,3,US,0,US,M,2
220,2023,SE,3,FT,2,Analytics Engineer,3,143860,USD,143860,3,US,0,US,M,2
332,2023,MI,2,FT,2,Data Engineer,2,143865,USD,143865,3,US,0,US,M,2
610,2023,SE,3,FT,2,Data Engineer,2,144000,USD,144000,3,US,100,US,M,2
796,2023,SE,3,FT,2,Data Scientist,5,144000,USD,144000,3,US,100,US,M,2
955,2023,SE,3,FT,2,Data Analyst,1,145000,USD,145000,3,US,0,US,M,2
1305,2023,SE,3,FT,2,Data Analyst,1,145000,USD,145000,3,US,0,US,M,2
1353,2023,SE,3,FT,2,Data Analyst,1,145000,USD,145000,3,US,0,US,M,2
1102,2023,SE,3,FT,2,Data Analyst,1,145000,USD,145000,3,US,100,US,M,2
1673,2023,SE,3,FT,2,Data Analyst,1,145000,USD,145000,3,US,0,US,M,2
90,2023,SE,3,FT,2,Data Analyst,1,145000,USD,145000,3,US,100,US,M,2
189,2023,SE,3,FT,2,Data Engineer,2,145000,USD,145000,3,US,0,US,M,2
227,2023,SE,3,FT,2,Data Engineer,2,145000,USD,145000,3,US,0,US,M,2
564,2023,SE,3,FT,2,Data Engineer,2,145000,USD,145000,3,US,0,US,M,2
709,2023,SE,3,FT,2,Data Engineer,2,145000,USD,145000,3,US,0,US,M,2
806,2023,EX,4,FT,2,Data Engineer,2,145000,USD,145000,3,US,0,US,M,2
923,2023,SE,3,FT,2,Data Engineer,2,145000,USD,145000,3,US,0,US,M,2
1020,2023,SE,3,FT,2,Data Engineer,2,145000,USD,145000,3,US,0,US,M,2
1159,2023,SE,3,FT,2,Data Engineer,2,145000,USD,145000,3,US,0,US,M,2
1495,2023,SE,3,FT,2,Data Engineer,2,145000,USD,145000,3,US,0,US,M,2
1186,2023,MI,2,FT,2,Data Engineer,2,145000,USD,145000,3,US,0,US,M,2
1188,2023,MI,2,FT,2,Data Engineer,2,145000,USD,145000,3,US,0,US,M,2
1699,2023,SE,3,FT,2,Data Engineer,2,145000,USD,145000,3,US,0,US,M,2
907,2023,EX,4,FT,2,Data Engineer,2,145000,USD,145000,3,US,0,US,M,2
1060,2023,MI,2,FT,2,Machine Learning Engineer,4,145000,USD,145000,3,US,0,US,M,2
1203,2023,SE,3,FT,2,Machine Learning Engineer,4,145000,USD,145000,3,US,0,US,M,2
319,2023,SE,3,FT,2,Data Scientist,5,145000,USD,145000,3,US,0,US,M,2
363,2023,SE,3,FT,2,Data Scientist,5,145000,USD,145000,3,US,100,US,M,2
388,2023,SE,3,FT,2,Data Scientist,5,145000,USD,145000,3,US,100,US,M,2
715,2023,EX,4,FT,2,Data Scientist,5,145000,USD,145000,3,US,0,US,M,2
1669,2023,SE,3,FT,2,Data Scientist,5,145000,USD,145000,3,US,100,US,M,2
1600,2023,SE,3,FT,2,Data Scientist,5,145000,USD,145000,3,US,100,US,M,2
1717,2023,EX,4,FT,2,Data Scientist,5,145000,USD,145000,3,US,0,US,M,2
1761,2023,SE,3,FT,2,Data Scientist,5,145000,USD,145000,3,US,100,US,M,2
1782,2023,MI,2,FT,2,Data Scientist,5,145000,USD,145000,3,US,0,US,M,2
1788,2023,MI,2,FT,2,Data Scientist,5,145000,USD,145000,3,US,0,US,M,2
1556,2023,EX,4,FT,2,Data Scientist,5,145000,USD,145000,3,US,0,US,M,2
1686,2023,SE,3,FT,2,Data Scientist,5,145000,USD,145000,3,US,100,US,M,2
1318,2023,SE,3,FT,2,Data Scientist,5,145000,USD,145000,3,US,100,US,M,2
718,2023,SE,3,FT,2,Data Scientist,5,145000,USD,145000,3,US,100,US,M,2
1496,2023,EN,1,FT,2,Machine Learning Engineer,4,145885,USD,145885,3,US,0,US,M,2
132,2023,SE,3,FT,2,Data Engineer,2,146000,USD,146000,3,US,0,US,M,2
1799,2023,MI,2,FT,2,Data Engineer,2,146000,USD,146000,3,US,0,US,M,2
308,2023,SE,3,FT,2,Data Engineer,2,146000,USD,146000,3,US,0,US,M,2
1155,2023,MI,2,FT,2,Data Engineer,2,146000,USD,146000,3,US,0,US,M,2
1781,2023,SE,3,FT,2,Data Engineer,2,146000,USD,146000,3,US,100,US,M,2
905,2023,SE,3,FT,2,Data Engineer,2,146000,USD,146000,3,US,100,US,M,2
947,2023,SE,3,FT,2,Data Scientist,5,146000,USD,146000,3,US,0,US,M,2
987,2023,SE,3,FT,2,Data Engineer,2,146115,USD,146115,3,US,100,US,M,2
996,2023,SE,3,FT,2,Data Engineer,2,147000,USD,147000,3,US,0,US,M,2
1200,2023,SE,3,FT,2,Machine Learning Engineer,4,147000,USD,147000,3,US,0,US,M,2
1355,2023,MI,2,FT,2,ML Engineer,4,147000,USD,147000,3,US,0,US,M,2
1627,2023,SE,3,FT,2,Data Modeler,2,147100,USD,147100,3,US,0,US,M,2
1765,2023,SE,3,FT,2,Data Engineer,2,147100,USD,147100,3,US,0,US,M,2
1771,2023,SE,3,FT,2,Machine Learning Engineer,4,147100,USD,147100,3,US,0,US,M,2
578,2023,SE,3,FT,2,Data Scientist,5,147100,USD,147100,3,US,0,US,M,2
721,2023,SE,3,FT,2,Data Scientist,5,147100,USD,147100,3,US,0,US,M,2
152,2023,SE,3,FT,2,Data Analyst,1,148500,USD,148500,3,US,0,US,M,2
120,2023,MI,2,FT,2,Machine Learning Engineer,4,148500,USD,148500,3,US,0,US,M,2
402,2023,SE,3,FT,2,Data Analyst,1,148700,USD,148700,3,US,0,US,M,2
546,2023,SE,3,FT,2,Data Scientist,5,148750,USD,148750,3,US,0,US,M,2
537,2023,SE,3,FT,2,Data Scientist,5,148750,USD,148750,3,US,0,US,M,2
1133,2023,SE,3,FT,2,Data Architect,6,149040,USD,149040,3,US,100,US,M,2
1401,2023,SE,3,FT,2,Data Architect,6,149040,USD,149040,3,US,100,US,M,2
101,2023,SE,3,FT,2,Data Scientist,5,149076,USD,149076,3,US,0,US,M,2
508,2023,SE,3,FT,2,Data Scientist,5,149076,USD,149076,3,US,0,US,M,2
829,2023,SE,3,FT,2,Data Scientist,5,149076,USD,149076,3,US,0,US,M,2
944,2023,SE,3,FT,2,Data Analyst,1,149500,USD,149500,3,US,100,US,M,2
1438,2023,MI,2,FT,2,Data Engineer,2,149600,USD,149600,3,US,0,US,M,2
1583,2023,MI,2,FT,2,Data Engineer,2,149600,USD,149600,3,US,0,US,M,2
159,2023,MI,2,FT,2,Data Analyst,1,150000,USD,150000,3,US,100,US,M,2
171,2023,EN,1,FT,2,Data Analyst,1,150000,USD,150000,3,US,0,US,M,2
224,2023,MI,2,FT,2,Data Analyst,1,150000,USD,150000,3,US,0,US,M,2
235,2023,MI,2,FT,2,Data Analyst,1,150000,USD,150000,3,US,0,US,M,2
237,2023,MI,2,FT,2,Data Analyst,1,150000,USD,150000,3,US,0,US,M,2
330,2023,MI,2,FT,2,Data Analyst,1,150000,USD,150000,3,US,0,US,M,2
379,2023,SE,3,FT,2,Data Engineer,2,150000,USD,150000,3,US,100,US,M,2
511,2023,SE,3,FT,2,Data Engineer,2,150000,USD,150000,3,US,0,US,M,2
535,2023,SE,3,FT,2,Data Engineer,2,150000,USD,150000,3,US,0,US,M,2
627,2023,SE,3,FT,2,Data Engineer,2,150000,USD,150000,3,US,0,US,M,2
886,2023,SE,3,FT,2,Data Engineer,2,150000,USD,150000,3,US,100,US,M,2
1366,2023,SE,3,FT,2,Data Engineer,2,150000,USD,150000,3,US,100,US,M,2
1405,2023,MI,2,FT,2,Data Engineer,2,150000,USD,150000,3,US,0,US,M,2
1628,2023,SE,3,FT,2,Data Engineer,2,150000,USD,150000,3,US,100,US,M,2
1659,2023,SE,3,FT,2,Analytics Engineer,3,150000,USD,150000,3,US,100,US,M,2
244,2023,SE,3,FT,2,Analytics Engineer,3,150000,USD,150000,3,US,0,US,M,2
261,2023,SE,3,FT,2,Machine Learning Engineer,4,150000,USD,150000,3,US,0,US,M,2
291,2023,SE,3,FT,2,Machine Learning Engineer,4,150000,USD,150000,3,US,100,US,M,2
390,2023,MI,2,FT,2,Machine Learning Engineer,4,150000,USD,150000,3,US,0,US,M,2
416,2023,SE,3,FT,2,Machine Learning Engineer,4,150000,USD,150000,3,US,100,US,M,2
418,2023,SE,3,FT,2,Machine Learning Engineer,4,150000,USD,150000,3,US,100,US,M,2
553,2023,SE,3,FT,2,Machine Learning Engineer,4,150000,USD,150000,3,US,0,US,M,2
620,2023,SE,3,FT,2,Machine Learning Engineer,4,150000,USD,150000,3,US,0,US,M,2
689,2023,MI,2,FT,2,Machine Learning Engineer,4,150000,USD,150000,3,US,100,US,M,2
699,2023,SE,3,FT,2,ML Engineer,4,150000,USD,150000,3,US,0,US,M,2
708,2023,SE,3,FT,2,Data Scientist,5,150000,USD,150000,3,US,0,US,M,2
1292,2023,SE,3,FT,2,Data Scientist,5,150000,USD,150000,3,US,0,US,M,2
1447,2023,MI,2,FT,2,Data Scientist,5,150000,USD,150000,3,US,100,US,M,2
1574,2023,MI,2,FT,2,Data Scientist,5,150000,USD,150000,3,US,100,US,M,2
1597,2023,SE,3,FT,2,Data Scientist,5,150000,USD,150000,3,US,0,US,M,2
1642,2023,SE,3,FT,2,Data Scientist,5,150000,USD,150000,3,US,0,US,M,2
96,2023,SE,3,FT,2,Data Scientist,5,150000,USD,150000,3,US,0,US,M,2
1791,2023,MI,2,FT,2,Machine Learning Engineer,4,150450,USD,150450,4,US,100,US,M,2
423,2023,EX,4,FT,2,Data Engineer,2,150900,USD,150900,4,US,0,US,M,2
469,2023,MI,2,FT,2,Data Engineer,2,151000,USD,151000,4,US,0,US,M,2
749,2023,MI,2,FT,2,Data Scientist,5,151410,USD,151410,4,US,100,US,M,2
868,2023,SE,3,FT,2,Data Scientist,5,152000,USD,152000,4,US,0,US,M,2
1150,2023,SE,3,FT,2,Data Scientist,5,152000,USD,152000,4,US,0,US,M,2
1162,2023,SE,3,FT,2,Data Analyst,1,152380,USD,152380,4,US,0,US,M,2
1592,2023,SE,3,FT,2,Analytics Engineer,3,152500,USD,152500,4,US,0,US,M,2
287,2023,SE,3,FT,2,Analytics Engineer,3,152900,USD,152900,4,US,100,US,M,2
835,2023,EX,4,FT,2,Analytics Engineer,3,153000,USD,153000,4,US,100,US,M,2
351,2023,SE,3,FT,2,Machine Learning Engineer,4,153088,USD,153088,4,US,100,US,M,2
343,2023,SE,3,FT,2,Machine Learning Engineer,4,153090,USD,153090,4,US,0,US,M,2
729,2023,SE,3,FT,2,Data Scientist,5,153300,USD,153300,4,US,0,US,M,2
15,2023,SE,3,FT,2,Machine Learning Engineer,4,153400,USD,153400,4,US,0,US,M,2
691,2023,SE,3,FT,2,Machine Learning Engineer,4,153400,USD,153400,4,US,0,US,M,2
1209,2023,SE,3,FT,2,Machine Learning Engineer,4,153400,USD,153400,4,US,0,US,M,2
9,2023,SE,3,FT,2,Data Scientist,5,153400,USD,153400,4,US,0,US,M,2
1073,2023,SE,3,FT,2,Data Analyst,1,153600,USD,153600,4,US,0,US,M,2
1086,2023,SE,3,FT,2,Data Analyst,1,153600,USD,153600,4,US,0,US,M,2
263,2023,SE,3,FT,2,Data Analyst,1,153600,USD,153600,4,US,0,US,M,2
1135,2023,SE,3,FT,2,Data Analyst,1,153600,USD,153600,4,US,0,US,M,2
509,2023,SE,3,FT,2,Data Analyst,1,153600,USD,153600,4,US,0,US,M,2
831,2023,SE,3,FT,2,Data Analyst,1,153600,USD,153600,4,US,0,US,M,2
1310,2023,SE,3,FT,2,Data Analyst,1,153600,USD,153600,4,US,0,US,M,2
641,2023,SE,3,FT,2,Data Engineer,2,153600,USD,153600,4,US,100,US,M,2
730,2023,SE,3,FT,2,Data Engineer,2,153600,USD,153600,4,US,100,US,M,2
866,2023,SE,3,FT,2,Data Engineer,2,153600,USD,153600,4,US,0,US,M,2
1050,2023,SE,3,FT,2,Data Engineer,2,153600,USD,153600,4,US,0,US,M,2
1306,2023,MI,2,FT,2,Data Analyst,1,154000,USD,154000,4,US,0,US,M,2
282,2023,MI,2,FT,2,Data Engineer,2,154000,USD,154000,4,US,0,US,M,2
551,2023,SE,3,FT,2,Data Engineer,2,154000,USD,154000,4,US,0,US,M,2
874,2023,SE,3,FT,2,Data Scientist,5,154000,USD,154000,4,US,0,US,M,2
19,2023,SE,3,FT,2,Data Scientist,5,154600,USD,154600,4,US,100,US,M,2
864,2023,SE,3,FT,2,Data Analyst,1,155000,USD,155000,4,US,0,US,M,2
1406,2023,SE,3,FT,2,Data Analyst,1,155000,USD,155000,4,US,100,US,M,2
1533,2023,EX,4,FT,2,Data Architect,6,155000,USD,155000,4,US,0,US,M,2
1688,2023,SE,3,FT,2,Data Engineer,2,155000,USD,155000,4,US,0,US,M,2
1812,2023,SE,3,FT,2,Data Scientist,5,155000,USD,155000,4,US,0,US,M,2
169,2023,SE,3,FT,2,Data Scientist,5,155000,USD,155000,4,US,0,US,M,2
940,2023,SE,3,FT,2,Data Scientist,5,156000,USD,156000,4,US,100,US,M,2
208,2023,SE,3,FT,2,Data Scientist,5,156400,USD,156400,4,US,0,US,M,2
361,2023,SE,3,FT,2,Data Scientist,5,156400,USD,156400,4,US,0,US,M,2
374,2023,SE,3,FT,2,Data Scientist,5,156400,USD,156400,4,US,100,US,M,2
587,2023,SE,3,FT,2,Data Scientist,5,156400,USD,156400,4,US,100,US,M,2
1372,2023,SE,3,FT,2,Data Scientist,5,156400,USD,156400,4,US,0,US,M,2
1540,2023,SE,3,FT,2,Data Scientist,5,156400,USD,156400,4,US,100,US,M,2
1541,2023,SE,3,FT,2,Data Scientist,5,156400,USD,156400,4,US,0,US,M,2
1697,2023,SE,3,FT,2,Data Scientist,5,157750,USD,157750,4,US,100,US,M,2
1091,2023,SE,3,FT,2,Data Scientist,5,158677,USD,158677,4,US,100,US,M,2
1753,2023,SE,3,FT,2,Data Architect,6,159500,USD,159500,4,US,0,US,M,2
166,2023,SE,3,FT,2,Data Scientist,5,159832,USD,159832,4,US,0,US,M,2
669,2023,SE,3,FT,2,Data Scientist,5,159832,USD,159832,4,US,0,US,M,2
740,2023,MI,2,FT,2,Data Analyst,1,160000,USD,160000,4,US,0,US,M,2
1124,2023,SE,3,FT,2,Data Analyst,1,160000,USD,160000,4,US,100,US,M,2
1130,2023,MI,2,FT,2,Data Analyst,1,160000,USD,160000,4,US,0,US,M,2
1380,2023,SE,3,FT,2,Data Analyst,1,160000,USD,160000,4,US,100,US,M,2
1420,2023,SE,3,FT,2,Data Architect,6,160000,USD,160000,4,US,100,US,M,2
1432,2023,SE,3,FT,2,Data Engineer,2,160000,USD,160000,4,US,0,US,M,2
1365,2023,SE,3,FT,2,Data Engineer,2,160000,USD,160000,4,US,100,US,M,2
1755,2023,SE,3,FT,2,Data Engineer,2,160000,USD,160000,4,US,0,US,M,2
18,2023,SE,3,FT,2,Data Engineer,2,160000,USD,160000,4,US,100,US,M,2
115,2023,SE,3,FT,2,Data Engineer,2,160000,USD,160000,4,US,100,US,M,2
825,2023,SE,3,FT,2,Data Engineer,2,160000,USD,160000,4,US,0,US,M,2
888,2023,SE,3,FT,2,Data Engineer,2,160000,USD,160000,4,US,100,US,M,2
966,2023,SE,3,FT,2,Data Engineer,2,160000,USD,160000,4,US,100,US,M,2
1498,2023,SE,3,FT,2,Data Engineer,2,160000,USD,160000,4,US,100,US,M,2
1636,2023,SE,3,FT,2,Data Engineer,2,160000,USD,160000,4,US,0,US,M,2
514,2023,SE,3,FT,2,Data Engineer,2,160000,USD,160000,4,US,0,US,M,2
747,2023,SE,3,FT,2,Data Engineer,2,160000,USD,160000,4,US,100,US,M,2
846,2023,SE,3,FT,2,Data Engineer,2,160000,USD,160000,4,US,100,US,M,2
884,2023,EN,1,FT,2,Data Engineer,2,160000,USD,160000,4,US,0,US,M,2
963,2023,SE,3,FT,2,Data Engineer,2,160000,USD,160000,4,US,100,US,M,2
1671,2023,SE,3,FT,2,Data Engineer,2,160000,USD,160000,4,US,0,US,M,2
1748,2023,SE,3,FT,2,Data Engineer,2,160000,USD,160000,4,US,100,US,M,2
326,2023,EN,1,FT,2,Data Engineer,2,160000,USD,160000,4,US,0,US,M,2
1650,2023,SE,3,FT,2,Data Engineer,2,160000,USD,160000,4,US,0,US,M,2
563,2023,EN,1,FT,2,Data Engineer,2,160000,USD,160000,4,US,0,US,M,2
1335,2023,SE,3,FT,2,Data Engineer,2,160000,USD,160000,4,US,0,US,M,2
485,2023,SE,3,FT,2,Data Engineer,2,160000,USD,160000,4,US,100,US,M,2
1561,2023,EN,1,FT,2,Data Engineer,2,160000,USD,160000,4,US,0,US,M,2
240,2023,MI,2,FT,2,ML Engineer,4,160000,USD,160000,4,US,0,US,M,2
1434,2023,SE,3,FT,2,Data Scientist,5,160000,USD,160000,4,US,0,US,M,2
1009,2023,SE,3,FT,2,Data Scientist,5,160000,USD,160000,4,US,0,US,M,2
107,2023,SE,3,FT,2,Data Scientist,5,160000,USD,160000,4,US,0,US,M,2
268,2023,SE,3,FT,2,Data Scientist,5,160000,USD,160000,4,US,0,US,M,2
297,2023,SE,3,FT,2,Data Scientist,5,160000,USD,160000,4,US,100,US,M,2
1120,2023,SE,3,FT,2,Data Scientist,5,160000,USD,160000,4,US,0,US,M,2
1272,2023,SE,3,FT,2,Data Analyst,1,161500,USD,161500,4,US,100,US,M,2
823,2023,SE,3,FT,2,Data Engineer,2,161800,USD,161800,4,US,100,US,M,2
839,2023,SE,3,FT,2,Data Engineer,2,161800,USD,161800,4,US,0,US,M,2
847,2023,SE,3,FT,2,Data Engineer,2,162000,USD,162000,4,US,0,US,M,2
1005,2023,SE,3,FT,2,Data Scientist,5,162000,USD,162000,4,US,0,US,M,2
1620,2023,MI,2,FT,2,Data Engineer,2,162500,USD,162500,4,US,0,US,M,2
443,2023,MI,2,FT,2,Data Engineer,2,162500,USD,162500,4,US,0,US,M,2
557,2023,MI,2,FT,2,Data Engineer,2,162500,USD,162500,4,US,0,US,M,2
651,2023,SE,3,FT,2,Data Engineer,2,162500,USD,162500,4,US,100,US,M,2
854,2023,SE,3,FT,2,Data Engineer,2,162500,USD,162500,4,US,100,US,M,2
1058,2023,MI,2,FT,2,Data Engineer,2,162500,USD,162500,4,US,0,US,M,2
1237,2023,SE,3,FT,2,Data Scientist,5,162500,USD,162500,4,US,0,US,M,2
1392,2023,SE,3,FT,2,Data Scientist,5,162500,USD,162500,4,US,0,US,M,2
643,2023,EN,1,FT,2,Machine Learning Engineer,4,163196,USD,163196,4,US,0,US,M,2
814,2023,SE,3,FT,2,Data Engineer,2,163625,USD,163625,4,US,100,US,M,2
934,2023,SE,3,FT,2,Data Engineer,2,163800,USD,163800,4,US,0,US,M,2
1042,2023,SE,3,FT,2,Data Engineer,2,163800,USD,163800,4,US,0,US,M,2
577,2023,SE,3,FT,2,Data Engineer,2,163800,USD,163800,4,US,0,US,M,2
912,2023,SE,3,FT,2,Data Engineer,2,163800,USD,163800,4,US,0,US,M,2
924,2023,SE,3,FT,2,Data Engineer,2,163800,USD,163800,4,US,0,US,M,2
410,2023,SE,3,FT,2,Machine Learning Engineer,4,163800,USD,163800,4,US,0,US,M,2
1461,2023,SE,3,FT,2,Machine Learning Engineer,4,163800,USD,163800,4,US,0,US,M,2
129,2023,SE,3,FT,2,Machine Learning Engineer,4,163800,USD,163800,4,US,0,US,M,2
381,2023,SE,3,FT,2,Machine Learning Engineer,4,163800,USD,163800,4,US,0,US,M,2
795,2023,SE,3,FT,2,Data Analyst,1,165000,USD,165000,4,US,100,US,M,2
954,2023,SE,3,FT,2,Data Analyst,1,165000,USD,165000,4,US,100,US,M,2
1352,2023,SE,3,FT,2,Data Analyst,1,165000,USD,165000,4,US,100,US,M,2
1772,2023,MI,2,FT,2,Data Analyst,1,165000,USD,165000,4,US,0,US,M,2
412,2023,SE,3,FT,2,Data Engineer,2,165000,USD,165000,4,US,0,US,M,2
178,2023,SE,3,FT,2,Data Engineer,2,165000,USD,165000,4,US,0,US,M,2
405,2023,SE,3,FT,2,Data Engineer,2,165000,USD,165000,4,US,100,US,M,2
419,2023,SE,3,FT,2,Data Engineer,2,165000,USD,165000,4,US,0,US,M,2
906,2023,SE,3,FT,2,Data Engineer,2,165000,USD,165000,4,US,100,US,M,2
315,2023,MI,2,FT,2,Analytics Engineer,3,165000,USD,165000,4,US,0,US,M,2
1157,2023,SE,3,FT,2,Data Scientist,5,165000,USD,165000,4,US,0,US,M,2
1333,2023,SE,3,FT,2,Data Scientist,5,165000,USD,165000,4,US,100,US,M,2
357,2023,SE,3,FT,2,Data Scientist,5,165000,USD,165000,4,US,0,US,M,2
26,2023,MI,2,FT,2,Data Scientist,5,165000,USD,165000,4,US,0,US,M,2
939,2023,SE,3,FT,2,Data Engineer,2,166000,USD,166000,4,US,100,US,M,2
1170,2023,SE,3,FT,2,Data Engineer,2,166000,USD,166000,4,US,100,US,M,2
1194,2023,SE,3,FT,2,Analytics Engineer,3,167000,USD,167000,4,US,0,US,M,2
1283,2023,SE,3,FT,2,Data Engineer,2,167200,USD,167200,4,US,100,US,M,2
1359,2023,MI,2,FT,2,Data Architect,6,167500,USD,167500,4,US,0,US,M,2
1385,2023,MI,2,FT,2,Data Architect,6,167500,USD,167500,4,US,0,US,M,2
1430,2023,SE,3,FT,2,Data Engineer,2,167500,USD,167500,4,US,0,US,M,2
1544,2023,EX,4,FT,2,Data Engineer,2,167500,USD,167500,4,US,0,US,M,2
1490,2023,SE,3,FT,2,Data Engineer,2,167500,USD,167500,4,US,0,US,M,2
1218,2023,SE,3,FT,2,Data Engineer,2,167580,USD,167580,4,US,0,US,M,2
188,2023,SE,3,FT,2,Data Engineer,2,167580,USD,167580,4,US,0,US,M,2
259,2023,SE,3,FT,2,Data Scientist,5,168000,USD,168000,4,US,100,US,M,2
384,2023,SE,3,FT,2,Data Architect,6,168100,USD,168100,4,US,100,US,M,2
459,2023,SE,3,FT,2,Data Analyst,1,168400,USD,168400,4,US,0,US,M,2
593,2023,SE,3,FT,2,Data Architect,6,168400,USD,168400,4,US,0,US,M,2
664,2023,SE,3,FT,2,Data Engineer,2,168400,USD,168400,4,US,0,US,M,2
755,2023,SE,3,FT,2,Data Scientist,5,168400,USD,168400,4,US,0,US,M,2
926,2023,SE,3,FT,2,Data Analyst,1,169000,USD,169000,4,US,0,US,M,2
960,2023,SE,3,FT,2,Data Analyst,1,169000,USD,169000,4,US,0,US,M,2
1144,2023,SE,3,FT,2,Data Analyst,1,169000,USD,169000,4,US,0,US,M,2
1152,2023,SE,3,FT,2,Data Architect,6,170000,USD,170000,4,US,100,US,M,2
1216,2023,SE,3,FT,2,Data Architect,6,170000,USD,170000,4,US,100,US,M,2
1273,2023,SE,3,FT,2,Data Engineer,2,170000,USD,170000,4,US,0,US,M,2
1415,2023,SE,3,FT,2,Data Engineer,2,170000,USD,170000,4,US,0,US,M,2
1478,2023,SE,3,FT,2,Data Engineer,2,170000,USD,170000,4,US,0,US,M,2
1503,2023,SE,3,FT,2,Data Engineer,2,170000,USD,170000,4,US,0,US,M,2
1510,2023,SE,3,FT,2,Data Engineer,2,170000,USD,170000,4,US,100,US,M,2
1567,2023,SE,3,FT,2,Data Engineer,2,170000,USD,170000,4,US,100,US,M,2
1690,2023,SE,3,FT,2,Data Engineer,2,170000,USD,170000,4,US,100,US,M,2
1744,2023,SE,3,FT,2,Analytics Engineer,3,170000,USD,170000,4,US,100,US,M,2
1763,2023,SE,3,FT,2,Machine Learning Engineer,4,170000,USD,170000,4,US,0,US,M,2
1806,2023,SE,3,FT,2,Machine Learning Engineer,4,170000,USD,170000,4,US,0,US,M,2
1819,2023,SE,3,FT,2,Machine Learning Software Engineer,4,170000,USD,170000,4,US,0,US,M,2
1122,2023,SE,3,FT,2,Data Scientist,5,170000,USD,170000,4,US,0,US,M,2
728,2023,SE,3,FT,2,Data Scientist,5,170000,USD,170000,4,US,0,US,M,2
515,2023,SE,3,FT,2,Data Scientist,5,170000,USD,170000,4,US,0,US,M,2
1749,2023,SE,3,FT,2,Data Scientist,5,170000,USD,170000,4,US,100,US,M,2
150,2023,SE,3,FT,2,Data Scientist,5,170000,USD,170000,4,US,0,US,M,2
285,2023,SE,3,FT,2,Data Scientist,5,170000,USD,170000,4,US,100,US,M,2
468,2023,MI,2,FT,2,Data Scientist,5,170000,USD,170000,4,US,0,US,M,2
698,2023,SE,3,FT,2,Data Scientist,5,170000,USD,170000,4,US,100,US,M,2
931,2023,SE,3,FT,2,Data Scientist,5,170000,USD,170000,4,US,100,US,M,2
1623,2023,SE,3,FT,2,Data Analyst,1,170500,USD,170500,4,US,100,US,M,2
1402,2023,SE,3,FT,2,Data Analyst,1,170550,USD,170550,4,US,100,US,M,2
826,2023,SE,3,FT,2,Data Scientist,5,170730,USD,170730,4,US,0,US,M,2
131,2023,SE,3,FT,2,Data Engineer,2,171250,USD,171250,4,US,0,US,M,2
1798,2023,MI,2,FT,2,Machine Learning Infrastructure Engineer,4,171600,USD,171600,4,US,0,US,M,2
1743,2023,SE,3,FT,2,Machine Learning Infrastructure Engineer,4,171600,USD,171600,4,US,0,US,M,2
293,2023,SE,3,FT,2,Data Scientist,5,172000,USD,172000,4,US,0,US,M,2
35,2023,SE,3,FT,2,Data Scientist,5,172100,USD,172100,4,US,0,US,M,2
167,2023,SE,3,FT,2,Machine Learning Engineer,4,172200,USD,172200,4,US,0,US,M,2
685,2023,SE,3,FT,2,Machine Learning Engineer,4,172200,USD,172200,4,US,0,US,M,2
1234,2023,SE,3,FT,2,Machine Learning Engineer,4,172200,USD,172200,4,US,0,US,M,2
1285,2023,SE,3,FT,2,Machine Learning Engineer,4,172200,USD,172200,4,US,0,US,M,2
1370,2023,SE,3,FT,2,Machine Learning Engineer,4,172200,USD,172200,4,US,0,US,M,2
233,2023,SE,3,FT,2,Data Scientist,5,172500,USD,172500,4,US,100,US,M,2
1343,2023,SE,3,FT,2,Data Engineer,2,172600,USD,172600,4,US,100,US,M,2
95,2023,SE,3,FT,2,Data Engineer,2,172800,USD,172800,4,US,0,US,M,2
1256,2023,SE,3,FT,2,Analytics Engineer,3,173000,USD,173000,4,US,100,US,M,2
617,2023,SE,3,FT,2,Data Scientist,5,173000,USD,173000,4,US,100,US,M,2
777,2023,SE,3,FT,2,Data Architect,6,174500,USD,174500,4,US,0,US,M,2
952,2023,SE,3,FT,2,Data Architect,6,174500,USD,174500,4,US,0,US,M,2
1079,2023,SE,3,FT,2,Data Architect,6,174500,USD,174500,4,US,0,US,M,2
1360,2023,SE,3,FT,2,Data Architect,6,174500,USD,174500,4,US,0,US,M,2
787,2023,SE,3,FT,2,Data Architect,6,174500,USD,174500,4,US,0,US,M,2
942,2023,SE,3,FT,2,Data Analyst,1,175000,USD,175000,4,US,0,US,M,2
1081,2023,SE,3,FT,2,Data Analyst,1,175000,USD,175000,4,US,0,US,M,2
1362,2023,SE,3,FT,2,Data Analyst,1,175000,USD,175000,4,US,100,US,M,2
609,2023,SE,3,FT,2,Data Analyst,1,175000,USD,175000,4,US,0,US,M,2
981,2023,SE,3,FT,2,Data Engineer,2,175000,USD,175000,4,US,100,US,M,2
1064,2023,EX,4,FT,2,Data Engineer,2,175000,USD,175000,4,US,0,US,M,2
1239,2023,SE,3,FT,2,Data Engineer,2,175000,USD,175000,4,US,100,US,M,2
754,2023,MI,2,FT,2,Data Engineer,2,175000,USD,175000,4,US,0,US,M,2
103,2023,MI,2,FT,2,Data Engineer,2,175000,USD,175000,4,US,0,US,M,2
499,2023,EX,4,FT,2,Data Engineer,2,175000,USD,175000,4,US,0,US,M,2
532,2023,MI,2,FT,2,Data Engineer,2,175000,USD,175000,4,US,0,US,M,2
637,2023,SE,3,FT,2,Data Engineer,2,175000,USD,175000,4,US,100,US,M,2
1456,2023,SE,3,FT,2,Analytics Engineer,3,175000,USD,175000,4,US,0,US,M,2
318,2023,SE,3,FT,2,Analytics Engineer,3,175000,USD,175000,4,US,100,US,M,2
1400,2023,MI,2,FT,2,Machine Learning Engineer,4,175000,USD,175000,4,US,0,US,M,2
1538,2023,MI,2,FT,2,Machine Learning Engineer,4,175000,USD,175000,4,US,100,US,M,2
1703,2023,SE,3,FT,2,Data Scientist,5,175000,USD,175000,4,US,100,US,M,2
1709,2023,SE,3,FT,2,Data Scientist,5,175000,USD,175000,4,US,100,US,M,2
1707,2023,SE,3,FT,2,Data Scientist,5,175000,USD,175000,4,US,100,US,M,2
61,2023,SE,3,FT,2,Data Scientist,5,175000,USD,175000,4,US,100,US,M,2
1802,2023,SE,3,FT,2,Data Scientist,5,175000,USD,175000,4,US,0,US,M,2
1658,2023,SE,3,FT,2,Data Scientist,5,175000,USD,175000,4,US,0,US,M,2
1638,2023,SE,3,FT,2,Data Scientist,5,175000,USD,175000,4,US,0,US,M,2
465,2023,SE,3,FT,2,Data Scientist,5,175000,USD,175000,4,US,100,US,M,2
523,2023,SE,3,FT,2,Data Scientist,5,175000,USD,175000,4,US,0,US,M,2
547,2023,SE,3,FT,2,Data Engineer,2,175308,USD,175308,4,US,0,US,M,2
797,2023,SE,3,FT,2,Data Engineer,2,176000,USD,176000,4,US,0,US,M,2
950,2023,SE,3,FT,2,Machine Learning Engineer,4,176100,USD,176100,4,US,0,US,L,3
1075,2023,SE,3,FT,2,Data Engineer,2,178500,USD,178500,4,US,100,US,M,2
1243,2023,SE,3,FT,2,Data Engineer,2,178600,USD,178600,4,US,0,US,M,2
1614,2023,SE,3,FT,2,Data Engineer,2,179000,USD,179000,4,US,0,US,M,2
77,2023,SE,3,FT,2,Data Engineer,2,179170,USD,179170,4,US,0,US,M,2
161,2023,SE,3,FT,2,Analytics Engineer,3,179820,USD,179820,4,US,0,US,M,2
1015,2023,SE,3,FT,2,Analytics Engineer,3,179820,USD,179820,4,US,0,US,M,2
695,2023,SE,3,FT,2,Analytics Engineer,3,179820,USD,179820,4,US,0,US,M,2
1466,2023,SE,3,FT,2,Data Analyst,1,179975,USD,179975,4,US,100,US,M,2
1651,2023,SE,3,FT,2,Data Analyst,1,180000,USD,180000,4,US,0,US,M,2
757,2023,SE,3,FT,2,Data Analyst,1,180000,USD,180000,4,US,0,US,M,2
1052,2023,SE,3,FT,2,Data Architect,6,180000,USD,180000,4,US,100,US,M,2
1183,2023,EX,4,FT,2,Data Architect,6,180000,USD,180000,4,US,0,US,M,2
1103,2023,SE,3,FT,2,Data Architect,6,180000,USD,180000,4,US,100,US,M,2
521,2023,SE,3,FT,2,Data Architect,6,180000,USD,180000,4,US,100,US,M,2
1804,2023,SE,3,FT,2,Data Architect,6,180000,USD,180000,4,US,100,US,M,2
781,2023,MI,2,FT,2,Data Engineer,2,180000,USD,180000,4,US,0,US,M,2
659,2023,SE,3,FT,2,Data Engineer,2,180000,USD,180000,4,US,100,US,M,2
210,2023,SE,3,FT,2,Data Engineer,2,180000,USD,180000,4,US,0,US,M,2
922,2023,SE,3,FT,2,Data Engineer,2,180000,USD,180000,4,US,100,US,M,2
1212,2023,SE,3,FT,2,Data Engineer,2,180000,USD,180000,4,US,0,US,M,2
1440,2023,SE,3,FT,2,Data Engineer,2,180000,USD,180000,4,US,0,US,M,2
1492,2023,SE,3,FT,2,Data Engineer,2,180000,USD,180000,4,US,0,US,M,2
1539,2023,SE,3,FT,2,Machine Learning Engineer,4,180000,USD,180000,4,US,100,US,M,2
1645,2023,MI,2,FT,2,Machine Learning Engineer,4,180000,USD,180000,4,US,100,US,M,2
1696,2023,SE,3,FT,2,Machine Learning Software Engineer,4,180000,USD,180000,4,US,0,US,M,2
427,2023,SE,3,FT,2,Data Scientist,5,180000,USD,180000,4,US,0,US,M,2
1262,2023,MI,2,FT,2,Data Scientist,5,180000,USD,180000,4,US,100,US,M,2
1146,2023,SE,3,FT,2,Data Scientist,5,180000,USD,180000,4,US,0,US,M,2
17,2023,SE,3,FT,2,Data Analyst,1,180180,USD,180180,4,US,0,US,M,2
195,2023,SE,3,FT,2,Data Analyst,1,180180,USD,180180,4,US,0,US,M,2
288,2023,SE,3,FT,2,Data Analyst,1,180180,USD,180180,4,US,0,US,M,2
436,2023,SE,3,FT,2,Data Analyst,1,180180,USD,180180,4,US,0,US,M,2
463,2023,SE,3,FT,2,Data Analyst,1,180180,USD,180180,4,US,0,US,M,2
487,2023,SE,3,FT,2,Data Scientist,5,180560,USD,180560,4,US,0,US,M,2
568,2023,SE,3,FT,2,Machine Learning Engineer,4,181000,USD,181000,4,US,0,US,M,2
1251,2023,SE,3,FT,2,Data Engineer,2,182000,USD,182000,4,US,100,US,M,2
1300,2023,SE,3,FT,2,Data Scientist,5,182000,USD,182000,4,US,0,US,M,2
1716,2023,SE,3,FT,2,Data Scientist,5,182000,USD,182000,4,US,0,US,M,2
1030,2023,SE,3,FT,2,Data Scientist,5,182200,USD,182200,4,US,100,US,M,2
430,2023,MI,2,FT,2,Data Analyst,1,182500,USD,182500,4,US,0,US,M,2
489,2023,SE,3,FT,2,Data Engineer,2,182750,USD,182750,4,US,100,US,M,2
497,2023,SE,3,FT,2,Data Scientist,5,183000,USD,183000,4,US,100,US,M,2
909,2023,SE,3,FT,2,Data Scientist,5,183000,USD,183000,4,US,100,US,M,2
1063,2023,SE,3,FT,2,Data Scientist,5,183000,USD,183000,4,US,0,US,M,2
613,2023,MI,2,FT,2,Data Scientist,5,183310,USD,183310,4,US,0,US,M,2
1634,2023,MI,2,FT,2,Data Scientist,5,183310,USD,183310,4,US,0,US,M,2
212,2023,SE,3,FT,2,Analytics Engineer,3,183500,USD,183500,4,US,100,US,M,2
506,2023,SE,3,FT,2,Data Scientist,5,183500,USD,183500,4,US,100,US,M,2
784,2023,SE,3,FT,2,Data Scientist,5,183500,USD,183500,4,US,100,US,M,2
859,2023,SE,3,FT,2,Data Scientist,5,183500,USD,183500,4,US,100,US,M,2
1014,2023,SE,3,FT,2,Data Scientist,5,183500,USD,183500,4,US,100,US,M,2
1168,2023,SE,3,FT,2,Data Scientist,5,183500,USD,183500,4,US,100,US,M,2
62,2023,SE,3,FT,2,Data Engineer,2,183600,USD,183600,4,US,0,US,M,2
645,2023,SE,3,FT,2,Machine Learning Engineer,4,184000,USD,184000,4,US,100,US,M,2
1096,2023,SE,3,FT,2,Machine Learning Engineer,4,184000,USD,184000,4,US,0,US,M,2
270,2023,SE,3,FT,2,Machine Learning Engineer,4,184700,USD,184700,4,US,0,US,M,2
541,2023,SE,3,FT,2,Data Analyst,1,185000,USD,185000,4,US,100,US,M,2
1450,2023,SE,3,FT,2,Data Analyst,1,185000,USD,185000,4,US,100,US,M,2
1579,2023,SE,3,FT,2,Data Engineer,2,185000,USD,185000,4,US,0,US,M,2
1587,2023,SE,3,FT,2,Data Engineer,2,185000,USD,185000,4,US,100,US,M,2
1776,2023,SE,3,FT,2,Data Engineer,2,185000,USD,185000,4,US,0,US,M,2
1784,2023,SE,3,FT,2,Data Engineer,2,185000,USD,185000,4,US,0,US,M,2
507,2023,SE,3,FT,2,Data Scientist,5,185000,USD,185000,4,US,100,US,M,2
828,2023,EX,4,FT,2,Data Scientist,5,185000,USD,185000,4,US,0,US,M,2
975,2023,SE,3,FT,2,Data Scientist,5,185000,USD,185000,4,US,100,US,M,2
1437,2023,SE,3,FT,2,Data Scientist,5,185000,USD,185000,4,US,0,US,M,2
1101,2023,SE,3,FT,2,Data Scientist,5,185000,USD,185000,4,US,0,US,M,2
1471,2023,SE,3,FT,2,Data Scientist,5,185000,USD,185000,4,US,100,US,M,2
1426,2023,MI,2,FT,2,Analytics Engineer,3,185700,USD,185700,4,US,0,US,M,2
281,2023,SE,3,FT,2,Data Analyst,1,185900,USD,185900,4,US,0,US,M,2
446,2023,SE,3,FT,2,Data Analyst,1,185900,USD,185900,4,US,0,US,M,2
1780,2023,SE,3,FT,2,Data Analyst,1,185900,USD,185900,4,US,0,US,M,2
34,2023,SE,3,FT,2,Data Engineer,2,185900,USD,185900,4,US,0,US,M,2
1117,2023,SE,3,FT,2,Data Engineer,2,185900,USD,185900,4,US,0,US,M,2
517,2023,SE,3,FT,2,Data Engineer,2,185900,USD,185900,4,US,0,US,M,2
711,2023,SE,3,FT,2,Data Scientist,5,185900,USD,185900,4,US,0,US,M,2
1775,2023,SE,3,FT,2,Data Scientist,5,185900,USD,185900,4,US,0,US,M,2
89,2023,SE,3,FT,2,Data Scientist,5,185900,USD,185900,4,US,0,US,M,2
98,2023,SE,3,FT,2,Data Scientist,5,185900,USD,185900,4,US,0,US,M,2
226,2023,SE,3,FT,2,Data Scientist,5,185900,USD,185900,4,US,0,US,M,2
1067,2023,SE,3,FT,2,Data Scientist,5,185900,USD,185900,4,US,0,US,M,2
255,2023,SE,3,FT,2,Machine Learning Engineer,4,186000,USD,186000,4,US,100,US,M,2
47,2023,SE,3,FT,2,Data Scientist,5,186000,USD,186000,4,US,0,US,M,2
59,2023,SE,3,FT,2,Data Scientist,5,186000,USD,186000,4,US,0,US,M,2
1314,2023,SE,3,FT,2,Data Scientist,5,186300,USD,186300,4,US,100,US,M,2
1586,2023,SE,3,FT,2,Data Scientist,5,186300,USD,186300,4,US,100,US,M,2
1622,2023,SE,3,FT,2,Data Analyst,1,187000,USD,187000,4,US,0,US,M,2
1625,2023,SE,3,FT,2,Data Engineer,2,187500,USD,187500,4,US,100,US,M,2
818,2023,MI,2,FT,2,Data Scientist,5,187500,USD,187500,4,US,0,US,M,2
969,2023,SE,3,FT,2,Data Architect,6,188500,USD,188500,4,US,100,US,M,2
753,2023,SE,3,FT,2,Machine Learning Engineer,4,188800,USD,188800,4,US,100,US,M,2
852,2023,SE,3,FT,2,Machine Learning Engineer,4,188800,USD,188800,4,US,100,US,M,2
882,2023,SE,3,FT,2,Data Analyst,1,190000,USD,190000,4,US,100,US,M,2
993,2023,SE,3,FT,2,Data Engineer,2,190000,USD,190000,4,US,100,US,M,2
85,2023,SE,3,FT,2,Analytics Engineer,3,190000,USD,190000,4,US,100,US,M,2
125,2023,SE,3,FT,2,Machine Learning Engineer,4,190000,USD,190000,4,US,0,US,M,2
991,2023,SE,3,FT,2,Data Scientist,5,190000,USD,190000,4,US,0,US,M,2
1508,2023,EN,1,FT,2,Data Scientist,5,190000,USD,190000,4,US,0,US,M,2
354,2023,SE,3,FT,2,Data Scientist,5,190000,USD,190000,4,US,0,US,M,2
533,2023,SE,3,FT,2,Data Scientist,5,190000,USD,190000,4,US,0,US,M,2
898,2023,SE,3,FT,2,Data Scientist,5,190000,USD,190000,4,US,0,US,M,2
1011,2023,SE,3,FT,2,Data Scientist,5,191765,USD,191765,4,US,0,US,M,2
1177,2023,SE,3,FT,2,Data Engineer,2,192000,USD,192000,4,US,0,US,M,2
1692,2023,SE,3,FT,2,Data Analyst,1,192500,USD,192500,4,US,100,US,M,2
1119,2023,SE,3,FT,2,Data Engineer,2,193500,USD,193500,4,US,100,US,M,2
193,2023,EX,4,FT,2,Data Engineer,2,194500,USD,194500,4,US,0,US,M,2
959,2023,SE,3,FT,2,Data Scientist,5,195000,USD,195000,4,US,0,US,M,2
635,2023,SE,3,FT,2,Data Scientist,5,195000,USD,195000,4,US,0,US,M,2
843,2023,SE,3,FT,2,Data Scientist,5,195000,USD,195000,4,US,0,US,M,2
298,2023,EX,4,FT,2,Data Engineer,2,196200,USD,196200,4,US,0,US,M,2
1768,2023,SE,3,FT,2,Analytics Engineer,3,197000,USD,197000,4,US,0,US,M,2
1702,2023,SE,3,FT,2,Data Architect,6,198000,USD,198000,4,US,100,US,M,2
799,2023,SE,3,FT,2,Data Scientist,5,198200,USD,198200,4,US,100,US,M,2
122,2023,SE,3,FT,2,Data Scientist,5,198200,USD,198200,4,US,100,US,M,2
1287,2023,SE,3,FT,2,Data Scientist,5,198200,USD,198200,4,US,100,US,M,2
56,2023,SE,3,FT,2,Data Scientist,5,198200,USD,198200,4,US,0,US,M,2
555,2023,SE,3,FT,2,Data Engineer,2,199000,USD,199000,4,US,0,US,M,2
247,2023,SE,3,FT,2,Machine Learning Engineer,4,199000,USD,199000,4,US,100,US,M,2
180,2023,SE,3,FT,2,Data Scientist,5,199000,USD,199000,4,US,0,US,M,2
1121,2023,SE,3,FT,2,Data Scientist,5,199098,USD,199098,4,US,100,US,M,2
1125,2023,SE,3,FT,2,Data Analyst,1,200000,USD,200000,4,US,0,US,M,2
165,2023,SE,3,FT,2,Data Architect,6,200000,USD,200000,4,US,100,US,M,2
194,2023,SE,3,FT,2,Data Architect,6,200000,USD,200000,4,US,100,US,M,2
581,2023,SE,3,FT,2,Data Engineer,2,200000,USD,200000,4,US,100,US,M,2
639,2023,SE,3,FT,2,Data Engineer,2,200000,USD,200000,4,US,0,US,M,2
914,2023,MI,2,FT,2,Data Engineer,2,200000,USD,200000,4,US,0,US,M,2
1537,2023,SE,3,FT,2,Data Engineer,2,200000,USD,200000,4,US,0,US,M,2
245,2023,EX,4,FT,2,Data Engineer,2,200000,USD,200000,4,US,0,US,M,2
413,2023,SE,3,FT,2,Data Engineer,2,200000,USD,200000,4,US,0,US,M,2
1095,2023,SE,3,FT,2,Analytics Engineer,3,200000,USD,200000,4,US,100,US,M,2
1304,2023,SE,3,FT,2,Machine Learning Engineer,4,200000,USD,200000,4,US,0,US,M,2
759,2023,MI,2,FT,2,Machine Learning Engineer,4,200000,USD,200000,4,US,0,US,M,2
78,2023,SE,3,FT,2,Machine Learning Engineer,4,200000,USD,200000,4,US,100,US,M,2
657,2023,SE,3,FT,2,Machine Learning Engineer,4,200000,USD,200000,4,US,100,US,M,2
149,2023,SE,3,FT,2,ML Engineer,4,200000,USD,200000,4,US,0,US,M,2
284,2023,EX,4,FT,2,Data Scientist,5,200000,USD,200000,4,US,0,US,M,2
467,2023,SE,3,FT,2,Data Scientist,5,200000,USD,200000,4,US,100,US,M,2
1465,2023,SE,3,FT,2,Data Scientist,5,200000,USD,200000,4,US,100,US,M,2
1397,2023,EX,4,FT,2,Data Scientist,5,200000,USD,200000,4,US,0,US,M,2
1685,2023,MI,2,FT,2,Data Scientist,5,200000,USD,200000,4,US,100,US,M,2
1649,2023,EX,4,FT,2,Data Scientist,5,200000,USD,200000,4,US,0,US,M,2
1089,2023,SE,3,FT,2,Data Scientist,5,200160,USD,200160,5,US,0,US,M,2
1639,2023,SE,3,FT,2,Data Scientist,5,200160,USD,200160,5,US,0,US,M,2
1195,2023,SE,3,FT,2,Data Scientist,5,201000,USD,201000,5,US,0,US,M,2
483,2023,SE,3,FT,2,Data Scientist,5,201000,USD,201000,5,US,0,US,M,2
717,2023,SE,3,FT,2,Data Scientist,5,201036,USD,201036,5,US,0,US,M,2
1676,2023,SE,3,FT,2,Data Engineer,2,201450,USD,201450,5,US,100,US,M,2
1678,2023,SE,3,FT,2,Data Scientist,5,201450,USD,201450,5,US,100,US,M,2
1759,2023,SE,3,FT,2,Data Engineer,2,202000,USD,202000,5,US,100,US,M,2
310,2023,SE,3,FT,2,Data Engineer,2,202000,USD,202000,5,US,100,US,M,2
1742,2023,SE,3,FT,2,Machine Learning Engineer,4,202353,USD,202353,5,US,0,US,M,2
359,2023,SE,3,FT,2,ML Engineer,4,202353,USD,202353,5,US,0,US,M,2
1408,2023,SE,3,FT,2,Data Analyst,1,202800,USD,202800,5,US,0,US,L,3
292,2023,SE,3,FT,2,Data Scientist,5,203000,USD,203000,5,US,100,US,M,2
53,2023,SE,3,FT,2,Data Engineer,2,203100,USD,203100,5,US,0,US,M,2
262,2023,SE,3,FT,2,Data Engineer,2,203300,USD,203300,5,US,100,US,M,2
200,2023,SE,3,FT,2,ML Engineer,4,203500,USD,203500,5,US,100,US,M,2
1267,2023,SE,3,FT,2,Data Scientist,5,203500,USD,203500,5,US,0,US,M,2
1470,2023,SE,3,FT,2,Data Analyst,1,204500,USD,204500,5,US,0,US,M,2
1545,2023,SE,3,FT,2,Machine Learning Engineer,4,204500,USD,204500,5,US,0,US,M,2
207,2023,SE,3,FT,2,Machine Learning Engineer,4,204500,USD,204500,5,US,0,US,M,2
383,2023,SE,3,FT,2,Machine Learning Engineer,4,204500,USD,204500,5,US,0,US,M,2
928,2023,SE,3,FT,2,Machine Learning Engineer,4,204500,USD,204500,5,US,0,US,M,2
1151,2023,SE,3,FT,2,Machine Learning Engineer,4,204500,USD,204500,5,US,0,US,M,2
1404,2023,SE,3,FT,2,Machine Learning Engineer,4,204500,USD,204500,5,US,0,US,M,2
1762,2023,SE,3,FT,2,Machine Learning Engineer,4,204500,USD,204500,5,US,0,US,M,2
27,2023,SE,3,FT,2,Machine Learning Engineer,4,204500,USD,204500,5,US,0,US,M,2
989,2023,SE,3,FT,2,Machine Learning Engineer,4,204500,USD,204500,5,US,0,US,M,2
1123,2023,EX,4,FT,2,Data Engineer,2,205000,USD,205000,5,US,0,US,M,2
1129,2023,SE,3,FT,2,Data Scientist,5,205000,USD,205000,5,US,0,US,M,2
1525,2023,SE,3,FT,2,Data Scientist,5,205000,USD,205000,5,US,100,US,M,2
197,2023,SE,3,FT,2,Data Engineer,2,205600,USD,205600,5,US,0,US,L,3
671,2023,SE,3,FT,2,Data Engineer,2,205600,USD,205600,5,US,100,US,M,2
389,2023,SE,3,FT,2,Data Engineer,2,205600,USD,205600,5,US,0,US,L,3
435,2023,MI,2,FT,2,Machine Learning Infrastructure Engineer,4,205920,USD,205920,5,US,0,US,M,2
486,2023,SE,3,FT,2,Machine Learning Infrastructure Engineer,4,205920,USD,205920,5,US,0,US,M,2
707,2023,MI,2,FT,2,Data Analyst,1,206000,USD,206000,5,US,0,US,M,2
824,2023,MI,2,FT,2,Data Analyst,1,206000,USD,206000,5,US,0,US,M,2
900,2023,SE,3,FT,2,Data Analyst,1,206500,USD,206500,5,US,100,US,M,2
1606,2023,EX,4,FT,2,Data Engineer,2,207000,USD,207000,5,US,100,US,M,2
234,2023,SE,3,FT,2,Analytics Engineer,3,207000,USD,207000,5,US,0,US,M,2
1644,2023,SE,3,FT,2,Data Analyst,1,208049,USD,208049,5,US,0,US,M,2
513,2023,SE,3,FT,2,Data Analyst,1,208450,USD,208450,5,US,100,US,M,2
526,2023,SE,3,FT,2,Data Scientist,5,209300,USD,209300,5,US,100,US,M,2
957,2023,SE,3,FT,2,Data Scientist,5,209450,USD,209450,5,US,100,US,M,2
962,2023,SE,3,FT,2,Data Engineer,2,210000,USD,210000,5,US,100,US,M,2
1312,2023,EX,4,FT,2,Data Engineer,2,210000,USD,210000,5,US,0,US,M,2
1747,2023,SE,3,FT,2,Data Scientist,5,210000,USD,210000,5,US,0,US,M,2
1752,2023,SE,3,FT,2,Data Scientist,5,210000,USD,210000,5,US,0,US,M,2
1098,2023,SE,3,FT,2,Data Scientist,5,210000,USD,210000,5,US,0,US,M,2
1100,2023,SE,3,FT,2,Data Scientist,5,210550,USD,210550,5,US,0,US,M,2
890,2023,EX,4,FT,2,Data Engineer,2,210914,USD,210914,5,US,100,US,M,2
902,2023,EX,4,FT,2,Data Engineer,2,210914,USD,210914,5,US,100,US,M,2
607,2023,SE,3,FT,2,Machine Learning Engineer,4,212200,USD,212200,5,US,100,US,M,2
67,2023,SE,3,FT,2,Data Scientist,5,212750,USD,212750,5,US,100,US,M,2
73,2023,SE,3,FT,2,Data Architect,6,213120,USD,213120,5,US,100,US,M,2
1077,2023,SE,3,FT,2,Data Engineer,2,213580,USD,213580,5,US,100,US,M,2
1679,2023,SE,3,FT,2,Analytics Engineer,3,214000,USD,214000,5,US,0,US,M,2
378,2023,SE,3,FT,2,Analytics Engineer,3,214200,USD,214200,5,US,0,US,M,2
1725,2023,SE,3,FT,2,Data Scientist,5,215050,USD,215050,5,US,100,US,M,2
99,2023,SE,3,FT,2,Machine Learning Engineer,4,216000,USD,216000,5,US,100,US,M,2
111,2023,SE,3,FT,2,Data Scientist,5,216100,USD,216100,5,US,0,US,M,2
346,2023,SE,3,FT,2,Data Engineer,2,217000,USD,217000,5,US,100,US,M,2
451,2023,SE,3,FT,2,Data Scientist,5,218500,USD,218500,5,US,100,US,M,2
54,2023,MI,2,FT,2,Machine Learning Engineer,4,219000,USD,219000,5,US,50,US,L,3
1632,2023,SE,3,FT,2,Data Engineer,2,219535,USD,219535,5,US,100,US,M,2
239,2023,SE,3,FT,2,Data Engineer,2,220000,USD,220000,5,US,100,US,M,2
143,2023,EX,4,FT,2,Data Engineer,2,220000,USD,220000,5,US,0,US,M,2
1368,2023,SE,3,FT,2,Data Engineer,2,220000,USD,220000,5,US,100,US,M,2
904,2023,SE,3,FT,2,Data Engineer,2,220000,USD,220000,5,US,0,US,M,2
946,2023,SE,3,FT,2,Machine Learning Engineer,4,220000,USD,220000,5,US,0,US,M,2
986,2023,SE,3,FT,2,Machine Learning Engineer,4,220000,USD,220000,5,US,0,US,M,2
995,2023,SE,3,FT,2,ML Engineer,4,220000,USD,220000,5,US,0,US,M,2
1199,2023,SE,3,FT,2,Data Scientist,5,220000,USD,220000,5,US,0,US,M,2
1354,2023,SE,3,FT,2,Data Engineer,2,221000,USD,221000,5,US,0,US,M,2
1626,2023,EX,4,FT,2,Analytics Engineer,3,221000,USD,221000,5,US,100,US,M,2
1764,2023,SE,3,FT,2,Data Engineer,2,221484,USD,221484,5,US,0,US,M,2
1770,2023,SE,3,FT,2,Data Engineer,2,222000,USD,222000,5,US,100,US,M,2
42,2023,SE,3,FT,2,Data Engineer,2,223250,USD,223250,5,US,0,US,M,2
204,2023,SE,3,FT,2,Data Scientist,5,223800,USD,223800,5,US,0,US,M,2
714,2023,SE,3,FT,2,Data Engineer,2,225000,USD,225000,5,US,100,US,M,2
1624,2023,SE,3,FT,2,Data Engineer,2,225000,USD,225000,5,US,0,US,M,2
280,2023,SE,3,FT,2,Data Engineer,2,225000,USD,225000,5,US,0,US,M,2
445,2023,SE,3,FT,2,Data Scientist,5,225000,USD,225000,5,US,0,US,M,2
1398,2023,SE,3,FT,2,Data Scientist,5,225000,USD,225000,5,US,0,US,M,2
629,2023,SE,3,FT,2,Data Scientist,5,225000,USD,225000,5,US,0,US,M,2
1504,2023,SE,3,FT,2,Data Scientist,5,225000,USD,225000,5,US,100,US,M,2
1554,2023,SE,3,FT,2,Data Scientist,5,225000,USD,225000,5,US,0,US,M,2
908,2023,SE,3,FT,2,Data Scientist,5,225000,USD,225000,5,US,100,US,M,2
1062,2023,SE,3,FT,2,Data Scientist,5,225000,USD,225000,5,US,0,US,M,2
673,2023,SE,3,FT,2,Data Engineer,2,226700,USD,226700,5,US,0,US,M,2
1468,2023,SE,3,FT,2,Data Engineer,2,226700,USD,226700,5,US,0,US,M,2
653,2023,SE,3,FT,2,Data Engineer,2,226700,USD,226700,5,US,0,US,M,2
1657,2023,SE,3,FT,2,Data Engineer,2,226700,USD,226700,5,US,0,US,M,2
473,2023,SE,3,FT,2,Data Engineer,2,226700,USD,226700,5,US,0,US,M,2
543,2023,SE,3,FT,2,Data Analyst,1,227000,USD,227000,5,US,0,US,M,2
429,2023,SE,3,FT,2,Data Architect,6,228000,USD,228000,5,US,0,US,M,2
1201,2023,SE,3,FT,2,Data Scientist,5,228000,USD,228000,5,US,0,US,M,2
1435,2023,SE,3,FT,2,Data Scientist,5,228000,USD,228000,5,US,0,US,M,2
75,2023,SE,3,FT,2,Data Engineer,2,229000,USD,229000,5,US,0,US,M,2
1094,2023,SE,3,FT,2,Data Analyst,1,230000,USD,230000,5,US,0,US,M,2
1264,2023,SE,3,FT,2,Data Engineer,2,230000,USD,230000,5,US,0,US,M,2
314,2023,SE,3,FT,2,Data Engineer,2,230000,USD,230000,5,US,0,US,M,2
697,2023,SE,3,FT,2,Analytics Engineer,3,230000,USD,230000,5,US,0,US,M,2
1585,2023,SE,3,FT,2,Data Engineer,2,231250,USD,231250,5,US,100,US,M,2
300,2023,SE,3,FT,2,Analytics Engineer,3,231250,USD,231250,5,US,100,US,M,2
484,2023,SE,3,FT,2,Data Engineer,2,231500,USD,231500,5,US,100,US,M,2
1560,2023,SE,3,FT,2,Data Engineer,2,232200,USD,232200,5,US,100,US,M,2
1706,2023,SE,3,FT,2,ML Engineer,4,234100,USD,234100,5,US,100,US,M,2
822,2023,EX,4,FT,2,Data Engineer,2,235000,USD,235000,5,US,0,US,M,2
745,2023,EX,4,FT,2,Data Engineer,2,235000,USD,235000,5,US,0,US,M,2
1302,2023,SE,3,FT,2,Data Scientist,5,235000,USD,235000,5,US,100,US,M,2
146,2023,EX,4,FT,2,Data Engineer,2,236000,USD,236000,5,US,100,US,M,2
46,2023,SE,3,FT,2,Data Engineer,2,236000,USD,236000,5,US,100,US,M,2
650,2023,SE,3,FT,2,Data Engineer,2,237000,USD,237000,5,US,100,US,M,2
1255,2023,SE,3,FT,2,Data Scientist,5,237000,USD,237000,5,US,100,US,M,2
13,2023,SE,3,FT,2,Data Scientist,5,237000,USD,237000,5,US,0,US,M,2
348,2023,SE,3,FT,2,Data Scientist,5,237000,USD,237000,5,US,100,US,M,2
118,2023,SE,3,FT,2,Data Scientist,5,237000,USD,237000,5,US,100,US,M,2
124,2023,SE,3,FT,2,Data Scientist,5,237000,USD,237000,5,US,100,US,M,2
209,2023,SE,3,FT,2,Data Scientist,5,237000,USD,237000,5,US,100,US,M,2
834,2023,SE,3,FT,2,Data Engineer,2,238000,USD,238000,5,US,0,US,M,2
1193,2023,SE,3,FT,2,Data Scientist,5,238000,USD,238000,5,US,100,US,M,2
529,2023,EX,4,FT,2,Data Engineer,2,239000,USD,239000,5,US,100,US,M,2
1317,2023,EX,4,FT,2,Data Engineer,2,239000,USD,239000,5,US,100,US,M,2
97,2023,EX,4,FT,2,Data Engineer,2,239000,USD,239000,5,US,100,US,M,2
52,2023,EX,4,FT,2,Data Engineer,2,239000,USD,239000,5,US,100,US,M,2
1683,2023,SE,3,FT,2,Data Scientist,5,239000,USD,239000,5,US,0,US,L,3
286,2023,SE,3,FT,2,Data Scientist,5,239748,USD,239748,5,US,0,US,M,2
983,2023,SE,3,FT,2,Data Scientist,5,239748,USD,239748,5,US,0,US,M,2
179,2023,SE,3,FT,2,Data Engineer,2,240000,USD,240000,5,US,0,US,M,2
203,2023,SE,3,FT,2,Data Engineer,2,240000,USD,240000,5,US,0,US,M,2
258,2023,SE,3,FT,2,Machine Learning Engineer,4,240000,USD,240000,5,US,100,US,M,2
1502,2023,SE,3,FT,2,Data Scientist,5,240000,USD,240000,5,US,100,US,M,2
1261,2023,SE,3,FT,2,Data Analyst,1,240500,USD,240500,5,US,0,US,M,2
1419,2023,SE,3,FT,2,Data Engineer,2,240500,USD,240500,5,US,0,US,L,3
1364,2023,SE,3,FT,2,Data Engineer,2,240500,USD,240500,5,US,0,US,L,3
481,2023,SE,3,FT,2,Data Engineer,2,241000,USD,241000,5,US,0,US,M,2
567,2023,SE,3,FT,2,Machine Learning Engineer,4,241000,USD,241000,5,US,0,US,M,2
1464,2023,SE,3,FT,2,Data Engineer,2,241871,USD,241871,5,US,0,US,M,2
1591,2023,SE,3,FT,2,Data Scientist,5,245000,USD,245000,5,US,100,US,M,2
113,2023,SE,3,FT,2,Data Scientist,5,245000,USD,245000,5,US,0,US,M,2
296,2023,SE,3,FT,2,Data Scientist,5,245000,USD,245000,5,US,0,US,M,2
350,2023,SE,3,FT,2,Data Engineer,2,247300,USD,247300,5,US,0,US,M,2
45,2023,SE,3,FT,2,Machine Learning Engineer,4,247500,USD,247500,5,US,0,US,M,2
344,2023,SE,3,FT,2,Machine Learning Engineer,4,247500,USD,247500,5,US,0,US,M,2
5,2023,SE,3,FT,2,Machine Learning Engineer,4,247500,USD,247500,5,US,0,US,M,2
173,2023,SE,3,FT,2,Machine Learning Engineer,4,247500,USD,247500,5,US,0,US,M,2
294,2023,SE,3,FT,2,Machine Learning Engineer,4,247500,USD,247500,5,US,0,US,M,2
439,2023,SE,3,FT,2,Data Analyst,1,250000,USD,250000,5,US,100,US,M,2
701,2023,SE,3,FT,2,Data Engineer,2,250000,USD,250000,5,US,0,US,M,2
476,2023,MI,2,FT,2,Data Engineer,2,250000,USD,250000,5,US,0,US,M,2
1633,2023,SE,3,FT,2,Data Engineer,2,250000,USD,250000,5,US,100,US,M,2
25,2023,SE,3,FT,2,Data Engineer,2,250000,USD,250000,5,US,100,US,M,2
87,2023,SE,3,FT,2,Data Engineer,2,250000,USD,250000,5,US,100,US,M,2
656,2023,MI,2,FT,2,Data Engineer,2,250000,USD,250000,5,US,0,US,M,2
1494,2023,SE,3,FT,2,Data Engineer,2,250000,USD,250000,5,US,100,US,M,2
501,2023,MI,2,FT,2,Machine Learning Engineer,4,250000,USD,250000,5,US,0,US,M,2
938,2023,MI,2,FT,2,Machine Learning Engineer,4,250000,USD,250000,5,US,0,US,M,2
1169,2023,SE,3,FT,2,Data Scientist,5,250000,USD,250000,5,US,0,US,M,2
1358,2023,SE,3,FT,2,Data Scientist,5,250000,USD,250000,5,US,0,US,M,2
1384,2023,SE,3,FT,2,Data Architect,6,250500,USD,250500,6,US,0,US,M,2
1429,2023,SE,3,FT,2,Data Engineer,2,252000,USD,252000,6,US,0,US,M,2
1543,2023,SE,3,FT,2,Data Engineer,2,252000,USD,252000,6,US,0,US,M,2
1708,2023,SE,3,FT,2,Data Engineer,2,252000,USD,252000,6,US,0,US,M,2
1643,2023,SE,3,FT,2,Data Engineer,2,252000,USD,252000,6,US,0,US,M,2
1282,2023,SE,3,FT,2,Data Engineer,2,252000,USD,252000,6,US,0,US,M,2
1225,2023,SE,3,FT,2,Data Engineer,2,252000,USD,252000,6,US,0,US,M,2
1356,2023,SE,3,FT,2,Data Engineer,2,252000,USD,252000,6,US,0,US,M,2
1376,2023,SE,3,FT,2,Data Engineer,2,252000,USD,252000,6,US,0,US,M,2
1535,2023,SE,3,FT,2,Data Engineer,2,252000,USD,252000,6,US,0,US,M,2
1730,2023,SE,3,FT,2,Data Engineer,2,252000,USD,252000,6,US,0,US,M,2
1213,2023,SE,3,FT,2,Data Engineer,2,252000,USD,252000,6,US,0,US,M,2
1137,2023,SE,3,FT,2,Data Engineer,2,252000,USD,252000,6,US,0,US,M,2
192,2023,SE,3,FT,2,Data Engineer,2,252000,USD,252000,6,US,0,US,M,2
1433,2023,SE,3,FT,2,Data Scientist,5,252000,USD,252000,6,US,0,US,M,2
1723,2023,SE,3,FT,2,Data Engineer,2,253200,USD,253200,6,US,0,US,M,2
1056,2023,SE,3,FT,2,Machine Learning Engineer,4,257000,USD,257000,6,US,0,US,M,2
151,2023,SE,3,FT,2,Data Scientist,5,257000,USD,257000,6,US,0,US,M,2
503,2023,EX,4,FT,2,Data Scientist,5,258750,USD,258750,6,US,0,US,M,2
1211,2023,SE,3,FT,2,Data Engineer,2,259000,USD,259000,6,US,100,US,M,2
196,2023,SE,3,FT,2,Data Engineer,2,259000,USD,259000,6,US,100,US,M,2
1085,2023,SE,3,FT,2,Data Engineer,2,260000,USD,260000,6,US,0,US,M,2
480,2023,MI,2,FT,2,Data Engineer,2,260000,USD,260000,6,US,0,US,M,2
1684,2023,SE,3,FT,2,Data Scientist,5,260000,USD,260000,6,US,0,US,M,2
1472,2023,SE,3,FT,2,Machine Learning Engineer,4,261500,USD,261500,6,US,0,US,L,3
1740,2023,SE,3,FT,2,Data Scientist,5,262000,USD,262000,6,US,100,US,M,2
1269,2023,EX,4,FT,2,Data Engineer,2,265000,USD,265000,6,US,0,US,M,2
60,2023,SE,3,FT,2,Data Engineer,2,265000,USD,265000,6,US,0,US,M,2
1637,2023,SE,3,FT,2,Data Engineer,2,265000,USD,265000,6,US,100,US,M,2
1631,2023,SE,3,FT,2,Data Engineer,2,270703,USD,270703,6,US,0,US,M,2
1774,2023,SE,3,FT,2,Machine Learning Software Engineer,4,272000,USD,272000,6,US,0,US,M,2
590,2023,SE,3,FT,2,Data Scientist,5,272550,USD,272550,6,US,0,US,M,2
1263,2023,SE,3,FT,2,Data Engineer,2,275000,USD,275000,6,US,0,US,M,2
1720,2023,SE,3,FT,2,Analytics Engineer,3,275300,USD,275300,6,US,100,US,M,2
1313,2023,SE,3,FT,2,Data Scientist,5,275300,USD,275300,6,US,100,US,M,2
1330,2023,SE,3,FT,2,Data Scientist,5,275300,USD,275300,6,US,100,US,M,2
1808,2023,SE,3,FT,2,Data Scientist,5,275300,USD,275300,6,US,100,US,M,2
66,2023,SE,3,FT,2,Data Scientist,5,275300,USD,275300,6,US,100,US,M,2
72,2023,SE,3,FT,2,Data Scientist,5,275300,USD,275300,6,US,100,US,M,2
243,2023,SE,3,FT,2,Data Scientist,5,275300,USD,275300,6,US,100,US,M,2
417,2023,SE,3,FT,2,Data Scientist,5,275300,USD,275300,6,US,100,US,M,2
619,2023,SE,3,FT,2,Data Engineer,2,276000,USD,276000,6,US,100,US,M,2
1446,2023,SE,3,FT,2,Machine Learning Engineer,4,276000,USD,276000,6,US,0,US,M,2
1573,2023,SE,3,FT,2,Data Architect,6,280100,USD,280100,6,US,100,US,M,2
64,2023,MI,2,FT,2,Machine Learning Engineer,4,280700,USD,280700,6,US,100,US,M,2
356,2023,SE,3,FT,2,Machine Learning Engineer,4,283200,USD,283200,6,US,100,US,M,2
861,2023,EX,4,FT,2,Data Engineer,2,284000,USD,284000,6,US,100,US,M,2
1008,2023,SE,3,FT,2,Machine Learning Engineer,4,284310,USD,284310,6,US,0,US,M,2
1154,2023,SE,3,FT,2,Data Scientist,5,285800,USD,285800,6,US,100,US,M,2
1428,2023,EX,4,FT,2,Data Engineer,2,286000,USD,286000,6,US,100,US,M,2
241,2023,SE,3,FT,2,Machine Learning Engineer,4,288000,USD,288000,6,US,100,US,M,2
633,2023,SE,3,FT,2,Machine Learning Engineer,4,288000,USD,288000,6,US,100,US,M,2
785,2023,SE,3,FT,2,Machine Learning Engineer,4,289076,USD,289076,6,US,0,US,M,2
369,2023,SE,3,FT,2,ML Engineer,4,289076,USD,289076,6,US,0,US,M,2
1439,2023,SE,3,FT,2,Analytics Engineer,3,289800,USD,289800,6,US,0,US,M,2
1127,2023,SE,3,FT,2,Analytics Engineer,3,289800,USD,289800,6,US,0,US,M,2
1448,2023,SE,3,FT,2,Data Engineer,2,290000,USD,290000,6,US,100,US,M,2
1700,2023,SE,3,FT,2,Data Engineer,2,291500,USD,291500,6,US,0,US,M,2
266,2023,SE,3,FT,2,Data Engineer,2,291500,USD,291500,6,US,0,US,M,2
1476,2023,SE,3,FT,2,Data Scientist,5,297300,USD,297300,6,US,100,US,M,2
177,2023,SE,3,FT,2,Data Scientist,5,297300,USD,297300,6,US,100,US,M,2
407,2023,SE,3,FT,2,Data Scientist,5,297300,USD,297300,6,US,100,US,M,2
1298,2023,SE,3,FT,2,Data Engineer,2,300000,USD,300000,6,US,0,US,M,2
49,2023,SE,3,FT,2,Data Engineer,2,300000,USD,300000,6,US,0,US,M,2
306,2023,MI,2,FT,2,Machine Learning Engineer,4,300000,USD,300000,6,US,0,US,M,2
1106,2023,EX,4,FT,2,Data Scientist,5,300000,USD,300000,6,US,0,US,M,2
688,2023,SE,3,FT,2,Data Scientist,5,300240,USD,300240,7,US,0,US,M,2
794,2023,SE,3,FT,2,Data Scientist,5,300240,USD,300240,7,US,0,US,M,2
1132,2023,SE,3,FT,2,Machine Learning Engineer,4,304000,USD,304000,7,US,100,US,M,2
1559,2023,EX,4,FT,2,Data Engineer,2,310000,USD,310000,7,US,100,US,M,2
109,2023,EX,4,FT,2,Data Engineer,2,310000,USD,310000,7,US,100,US,M,2
211,2023,EX,4,FT,2,Data Engineer,2,310000,USD,310000,7,US,100,US,M,2
505,2023,EX,4,FT,2,Data Engineer,2,310000,USD,310000,7,US,100,US,M,2
783,2023,SE,3,FT,2,Data Engineer,2,310000,USD,310000,7,US,0,US,M,2
858,2023,SE,3,FT,2,Data Scientist,5,317070,USD,317070,7,US,0,US,M,2
1013,2023,SE,3,FT,2,Machine Learning Engineer,4,318300,USD,318300,7,US,100,US,M,2
1167,2023,SE,3,FT,2,Machine Learning Engineer,4,318300,USD,318300,7,US,100,US,M,2
1790,2023,SE,3,FT,2,Machine Learning Engineer,4,323300,USD,323300,7,US,0,US,M,2
479,2023,SE,3,FT,2,Machine Learning Engineer,4,342300,USD,342300,7,US,0,US,L,3
801,2023,SE,3,FT,2,Data Scientist,5,370000,USD,370000,8,US,0,US,M,2
373,2023,SE,3,FT,2,Data Architect,6,376080,USD,376080,8,US,100,US,M,2
849,2023,SE,3,FT,2,Data Analyst,1,385000,USD,385000,8,US,0,US,M,2
